-26,-18,zl+EX8/PIRahhcOf9DZF4F59vGw=,bRs0erm3LLuH4hiS5BV7rWRxd7A=
-26,-21,zl+EX8/PIRahhcOf9DZF4F59vGw=,bRs0erm3LLuH4hiS5BV7rWRxd7A=
-29,-21,zl+EX8/PIRahhcOf9DZF4F59vGw=,bRs0erm3LLuH4hiS5BV7rWRxd7A=
-30,-21,zl+EX8/PIRahhcOf9DZF4F59vGw=,bRs0erm3LLuH4hiS5BV7rWRxd7A=
-27,-21,zl+EX8/PIRahhcOf9DZF4F59vGw=,bRs0erm3LLuH4hiS5BV7rWRxd7A=
-29,-22,zl+EX8/PIRahhcOf9DZF4F59vGw=,bRs0erm3LLuH4hiS5BV7rWRxd7A=
-28,-21,zl+EX8/PIRahhcOf9DZF4F59vGw=,bRs0erm3LLuH4hiS5BV7rWRxd7A=
-30,-22,zl+EX8/PIRahhcOf9DZF4F59vGw=,bRs0erm3LLuH4hiS5BV7rWRxd7A=
-29,-23,zl+EX8/PIRahhcOf9DZF4F59vGw=,bRs0erm3LLuH4hiS5BV7rWRxd7A=
-30,-23,zl+EX8/PIRahhcOf9DZF4F59vGw=,bRs0erm3LLuH4hiS5BV7rWRxd7A=
-31,-22,zl+EX8/PIRahhcOf9DZF4F59vGw=,bRs0erm3LLuH4hiS5BV7rWRxd7A=
-31,-23,zl+EX8/PIRahhcOf9DZF4F59vGw=,bRs0erm3LLuH4hiS5BV7rWRxd7A=
-26,-23,zl+EX8/PIRahhcOf9DZF4F59vGw=,bRs0erm3LLuH4hiS5BV7rWRxd7A=
-27,-23,zl+EX8/PIRahhcOf9DZF4F59vGw=,bRs0erm3LLuH4hiS5BV7rWRxd7A=
-28,-23,zl+EX8/PIRahhcOf9DZF4F59vGw=,bRs0erm3LLuH4hiS5BV7rWRxd7A=
-26,-22,zl+EX8/PIRahhcOf9DZF4F59vGw=,bRs0erm3LLuH4hiS5BV7rWRxd7A=
-27,-22,zl+EX8/PIRahhcOf9DZF4F59vGw=,bRs0erm3LLuH4hiS5BV7rWRxd7A=
-31,-20,zl+EX8/PIRahhcOf9DZF4F59vGw=,bRs0erm3LLuH4hiS5BV7rWRxd7A=
-28,-22,zl+EX8/PIRahhcOf9DZF4F59vGw=,bRs0erm3LLuH4hiS5BV7rWRxd7A=
-30,-20,zl+EX8/PIRahhcOf9DZF4F59vGw=,bRs0erm3LLuH4hiS5BV7rWRxd7A=
-31,-21,zl+EX8/PIRahhcOf9DZF4F59vGw=,bRs0erm3LLuH4hiS5BV7rWRxd7A=
-29,-20,zl+EX8/PIRahhcOf9DZF4F59vGw=,bRs0erm3LLuH4hiS5BV7rWRxd7A=
-28,-20,zl+EX8/PIRahhcOf9DZF4F59vGw=,bRs0erm3LLuH4hiS5BV7rWRxd7A=
-26,-20,zl+EX8/PIRahhcOf9DZF4F59vGw=,bRs0erm3LLuH4hiS5BV7rWRxd7A=
-30,-19,zl+EX8/PIRahhcOf9DZF4F59vGw=,bRs0erm3LLuH4hiS5BV7rWRxd7A=
-27,-20,zl+EX8/PIRahhcOf9DZF4F59vGw=,bRs0erm3LLuH4hiS5BV7rWRxd7A=
-31,-19,zl+EX8/PIRahhcOf9DZF4F59vGw=,bRs0erm3LLuH4hiS5BV7rWRxd7A=
-29,-19,zl+EX8/PIRahhcOf9DZF4F59vGw=,bRs0erm3LLuH4hiS5BV7rWRxd7A=
-28,-19,zl+EX8/PIRahhcOf9DZF4F59vGw=,bRs0erm3LLuH4hiS5BV7rWRxd7A=
-26,-19,zl+EX8/PIRahhcOf9DZF4F59vGw=,bRs0erm3LLuH4hiS5BV7rWRxd7A=
-27,-19,zl+EX8/PIRahhcOf9DZF4F59vGw=,bRs0erm3LLuH4hiS5BV7rWRxd7A=
-30,-18,zl+EX8/PIRahhcOf9DZF4F59vGw=,bRs0erm3LLuH4hiS5BV7rWRxd7A=
-29,-18,zl+EX8/PIRahhcOf9DZF4F59vGw=,bRs0erm3LLuH4hiS5BV7rWRxd7A=
-28,-18,zl+EX8/PIRahhcOf9DZF4F59vGw=,bRs0erm3LLuH4hiS5BV7rWRxd7A=
-31,-18,zl+EX8/PIRahhcOf9DZF4F59vGw=,bRs0erm3LLuH4hiS5BV7rWRxd7A=
-27,-18,zl+EX8/PIRahhcOf9DZF4F59vGw=,bRs0erm3LLuH4hiS5BV7rWRxd7A=
-28,-29,zl+EX8/PIRahhcOf9DZF4F59vGw=,lZ0MD+Y4FGkdTCe8+C/useE1I0g=
-27,-29,zl+EX8/PIRahhcOf9DZF4F59vGw=,lZ0MD+Y4FGkdTCe8+C/useE1I0g=
-26,-29,zl+EX8/PIRahhcOf9DZF4F59vGw=,lZ0MD+Y4FGkdTCe8+C/useE1I0g=
-29,-25,zl+EX8/PIRahhcOf9DZF4F59vGw=,lZ0MD+Y4FGkdTCe8+C/useE1I0g=
-26,-25,zl+EX8/PIRahhcOf9DZF4F59vGw=,lZ0MD+Y4FGkdTCe8+C/useE1I0g=
-29,-27,zl+EX8/PIRahhcOf9DZF4F59vGw=,lZ0MD+Y4FGkdTCe8+C/useE1I0g=
-31,-25,zl+EX8/PIRahhcOf9DZF4F59vGw=,lZ0MD+Y4FGkdTCe8+C/useE1I0g=
-30,-27,zl+EX8/PIRahhcOf9DZF4F59vGw=,lZ0MD+Y4FGkdTCe8+C/useE1I0g=
-30,-25,zl+EX8/PIRahhcOf9DZF4F59vGw=,lZ0MD+Y4FGkdTCe8+C/useE1I0g=
-29,-26,zl+EX8/PIRahhcOf9DZF4F59vGw=,lZ0MD+Y4FGkdTCe8+C/useE1I0g=
-26,-26,zl+EX8/PIRahhcOf9DZF4F59vGw=,lZ0MD+Y4FGkdTCe8+C/useE1I0g=
-30,-26,zl+EX8/PIRahhcOf9DZF4F59vGw=,lZ0MD+Y4FGkdTCe8+C/useE1I0g=
-26,-28,zl+EX8/PIRahhcOf9DZF4F59vGw=,lZ0MD+Y4FGkdTCe8+C/useE1I0g=
-27,-28,zl+EX8/PIRahhcOf9DZF4F59vGw=,lZ0MD+Y4FGkdTCe8+C/useE1I0g=
-29,-30,zl+EX8/PIRahhcOf9DZF4F59vGw=,lZ0MD+Y4FGkdTCe8+C/useE1I0g=
-29,-29,zl+EX8/PIRahhcOf9DZF4F59vGw=,lZ0MD+Y4FGkdTCe8+C/useE1I0g=
-28,-28,zl+EX8/PIRahhcOf9DZF4F59vGw=,lZ0MD+Y4FGkdTCe8+C/useE1I0g=
-31,-26,zl+EX8/PIRahhcOf9DZF4F59vGw=,lZ0MD+Y4FGkdTCe8+C/useE1I0g=
-32,-28,zl+EX8/PIRahhcOf9DZF4F59vGw=,lZ0MD+Y4FGkdTCe8+C/useE1I0g=
-31,-27,zl+EX8/PIRahhcOf9DZF4F59vGw=,lZ0MD+Y4FGkdTCe8+C/useE1I0g=
-32,-30,zl+EX8/PIRahhcOf9DZF4F59vGw=,lZ0MD+Y4FGkdTCe8+C/useE1I0g=
-29,-28,zl+EX8/PIRahhcOf9DZF4F59vGw=,lZ0MD+Y4FGkdTCe8+C/useE1I0g=
-27,-26,zl+EX8/PIRahhcOf9DZF4F59vGw=,lZ0MD+Y4FGkdTCe8+C/useE1I0g=
-28,-26,zl+EX8/PIRahhcOf9DZF4F59vGw=,lZ0MD+Y4FGkdTCe8+C/useE1I0g=
-30,-30,zl+EX8/PIRahhcOf9DZF4F59vGw=,lZ0MD+Y4FGkdTCe8+C/useE1I0g=
-28,-31,zl+EX8/PIRahhcOf9DZF4F59vGw=,lZ0MD+Y4FGkdTCe8+C/useE1I0g=
-32,-27,zl+EX8/PIRahhcOf9DZF4F59vGw=,lZ0MD+Y4FGkdTCe8+C/useE1I0g=
-32,-26,zl+EX8/PIRahhcOf9DZF4F59vGw=,lZ0MD+Y4FGkdTCe8+C/useE1I0g=
-31,-32,zl+EX8/PIRahhcOf9DZF4F59vGw=,lZ0MD+Y4FGkdTCe8+C/useE1I0g=
-29,-31,zl+EX8/PIRahhcOf9DZF4F59vGw=,lZ0MD+Y4FGkdTCe8+C/useE1I0g=
-27,-31,zl+EX8/PIRahhcOf9DZF4F59vGw=,lZ0MD+Y4FGkdTCe8+C/useE1I0g=
-29,-32,zl+EX8/PIRahhcOf9DZF4F59vGw=,lZ0MD+Y4FGkdTCe8+C/useE1I0g=
-26,-31,zl+EX8/PIRahhcOf9DZF4F59vGw=,lZ0MD+Y4FGkdTCe8+C/useE1I0g=
-28,-24,zl+EX8/PIRahhcOf9DZF4F59vGw=,bRs0erm3LLuH4hiS5BV7rWRxd7A=
-27,-24,zl+EX8/PIRahhcOf9DZF4F59vGw=,bRs0erm3LLuH4hiS5BV7rWRxd7A=
-29,-24,zl+EX8/PIRahhcOf9DZF4F59vGw=,bRs0erm3LLuH4hiS5BV7rWRxd7A=
-26,-24,zl+EX8/PIRahhcOf9DZF4F59vGw=,bRs0erm3LLuH4hiS5BV7rWRxd7A=
-30,-24,zl+EX8/PIRahhcOf9DZF4F59vGw=,bRs0erm3LLuH4hiS5BV7rWRxd7A=
-31,-24,zl+EX8/PIRahhcOf9DZF4F59vGw=,bRs0erm3LLuH4hiS5BV7rWRxd7A=
-30,-32,zl+EX8/PIRahhcOf9DZF4F59vGw=,lZ0MD+Y4FGkdTCe8+C/useE1I0g=
-31,-28,zl+EX8/PIRahhcOf9DZF4F59vGw=,lZ0MD+Y4FGkdTCe8+C/useE1I0g=
-30,-29,zl+EX8/PIRahhcOf9DZF4F59vGw=,lZ0MD+Y4FGkdTCe8+C/useE1I0g=
-30,-28,zl+EX8/PIRahhcOf9DZF4F59vGw=,lZ0MD+Y4FGkdTCe8+C/useE1I0g=
-28,-25,zl+EX8/PIRahhcOf9DZF4F59vGw=,lZ0MD+Y4FGkdTCe8+C/useE1I0g=
-27,-25,zl+EX8/PIRahhcOf9DZF4F59vGw=,lZ0MD+Y4FGkdTCe8+C/useE1I0g=
-32,-31,zl+EX8/PIRahhcOf9DZF4F59vGw=,lZ0MD+Y4FGkdTCe8+C/useE1I0g=
-26,-30,zl+EX8/PIRahhcOf9DZF4F59vGw=,lZ0MD+Y4FGkdTCe8+C/useE1I0g=
-31,-30,zl+EX8/PIRahhcOf9DZF4F59vGw=,lZ0MD+Y4FGkdTCe8+C/useE1I0g=
-26,-27,zl+EX8/PIRahhcOf9DZF4F59vGw=,lZ0MD+Y4FGkdTCe8+C/useE1I0g=
-27,-27,zl+EX8/PIRahhcOf9DZF4F59vGw=,lZ0MD+Y4FGkdTCe8+C/useE1I0g=
-28,-27,zl+EX8/PIRahhcOf9DZF4F59vGw=,lZ0MD+Y4FGkdTCe8+C/useE1I0g=
-27,-30,zl+EX8/PIRahhcOf9DZF4F59vGw=,lZ0MD+Y4FGkdTCe8+C/useE1I0g=
-28,-30,zl+EX8/PIRahhcOf9DZF4F59vGw=,lZ0MD+Y4FGkdTCe8+C/useE1I0g=
-31,-31,zl+EX8/PIRahhcOf9DZF4F59vGw=,lZ0MD+Y4FGkdTCe8+C/useE1I0g=
-26,-17,zl+EX8/PIRahhcOf9DZF4F59vGw=,bRs0erm3LLuH4hiS5BV7rWRxd7A=
-27,-17,zl+EX8/PIRahhcOf9DZF4F59vGw=,bRs0erm3LLuH4hiS5BV7rWRxd7A=
-28,-17,zl+EX8/PIRahhcOf9DZF4F59vGw=,bRs0erm3LLuH4hiS5BV7rWRxd7A=
-29,-17,zl+EX8/PIRahhcOf9DZF4F59vGw=,bRs0erm3LLuH4hiS5BV7rWRxd7A=
-30,-17,zl+EX8/PIRahhcOf9DZF4F59vGw=,bRs0erm3LLuH4hiS5BV7rWRxd7A=
-31,-17,zl+EX8/PIRahhcOf9DZF4F59vGw=,bRs0erm3LLuH4hiS5BV7rWRxd7A=
-30,-31,zl+EX8/PIRahhcOf9DZF4F59vGw=,lZ0MD+Y4FGkdTCe8+C/useE1I0g=
-32,-29,zl+EX8/PIRahhcOf9DZF4F59vGw=,lZ0MD+Y4FGkdTCe8+C/useE1I0g=
-31,-29,zl+EX8/PIRahhcOf9DZF4F59vGw=,lZ0MD+Y4FGkdTCe8+C/useE1I0g=
-28,-32,zl+EX8/PIRahhcOf9DZF4F59vGw=,lZ0MD+Y4FGkdTCe8+C/useE1I0g=
-26,-32,zl+EX8/PIRahhcOf9DZF4F59vGw=,lZ0MD+Y4FGkdTCe8+C/useE1I0g=
-27,-32,zl+EX8/PIRahhcOf9DZF4F59vGw=,lZ0MD+Y4FGkdTCe8+C/useE1I0g=
-25,-26,zl+EX8/PIRahhcOf9DZF4F59vGw=,lZ0MD+Y4FGkdTCe8+C/useE1I0g=
-17,-26,zl+EX8/PIRahhcOf9DZF4F59vGw=,dixASuxPqvryFsjAZ2pi8yPs3oo=
-25,-28,zl+EX8/PIRahhcOf9DZF4F59vGw=,lZ0MD+Y4FGkdTCe8+C/useE1I0g=
-21,-29,zl+EX8/PIRahhcOf9DZF4F59vGw=,dixASuxPqvryFsjAZ2pi8yPs3oo=
-17,-30,zl+EX8/PIRahhcOf9DZF4F59vGw=,dixASuxPqvryFsjAZ2pi8yPs3oo=
-18,-30,zl+EX8/PIRahhcOf9DZF4F59vGw=,dixASuxPqvryFsjAZ2pi8yPs3oo=
-22,-29,zl+EX8/PIRahhcOf9DZF4F59vGw=,dixASuxPqvryFsjAZ2pi8yPs3oo=
-24,-29,zl+EX8/PIRahhcOf9DZF4F59vGw=,dixASuxPqvryFsjAZ2pi8yPs3oo=
-19,-30,zl+EX8/PIRahhcOf9DZF4F59vGw=,dixASuxPqvryFsjAZ2pi8yPs3oo=
-20,-29,zl+EX8/PIRahhcOf9DZF4F59vGw=,dixASuxPqvryFsjAZ2pi8yPs3oo=
-25,-29,zl+EX8/PIRahhcOf9DZF4F59vGw=,lZ0MD+Y4FGkdTCe8+C/useE1I0g=
-19,-29,zl+EX8/PIRahhcOf9DZF4F59vGw=,dixASuxPqvryFsjAZ2pi8yPs3oo=
-18,-29,zl+EX8/PIRahhcOf9DZF4F59vGw=,dixASuxPqvryFsjAZ2pi8yPs3oo=
-17,-29,zl+EX8/PIRahhcOf9DZF4F59vGw=,dixASuxPqvryFsjAZ2pi8yPs3oo=
-24,-28,zl+EX8/PIRahhcOf9DZF4F59vGw=,dixASuxPqvryFsjAZ2pi8yPs3oo=
-23,-28,zl+EX8/PIRahhcOf9DZF4F59vGw=,dixASuxPqvryFsjAZ2pi8yPs3oo=
-22,-28,zl+EX8/PIRahhcOf9DZF4F59vGw=,dixASuxPqvryFsjAZ2pi8yPs3oo=
-23,-29,zl+EX8/PIRahhcOf9DZF4F59vGw=,dixASuxPqvryFsjAZ2pi8yPs3oo=
-25,-32,zl+EX8/PIRahhcOf9DZF4F59vGw=,lZ0MD+Y4FGkdTCe8+C/useE1I0g=
-21,-28,zl+EX8/PIRahhcOf9DZF4F59vGw=,dixASuxPqvryFsjAZ2pi8yPs3oo=
-21,-30,zl+EX8/PIRahhcOf9DZF4F59vGw=,dixASuxPqvryFsjAZ2pi8yPs3oo=
-17,-31,zl+EX8/PIRahhcOf9DZF4F59vGw=,dixASuxPqvryFsjAZ2pi8yPs3oo=
-18,-26,zl+EX8/PIRahhcOf9DZF4F59vGw=,dixASuxPqvryFsjAZ2pi8yPs3oo=
-20,-30,zl+EX8/PIRahhcOf9DZF4F59vGw=,dixASuxPqvryFsjAZ2pi8yPs3oo=
-21,-26,zl+EX8/PIRahhcOf9DZF4F59vGw=,dixASuxPqvryFsjAZ2pi8yPs3oo=
-22,-26,zl+EX8/PIRahhcOf9DZF4F59vGw=,dixASuxPqvryFsjAZ2pi8yPs3oo=
-18,-31,zl+EX8/PIRahhcOf9DZF4F59vGw=,dixASuxPqvryFsjAZ2pi8yPs3oo=
-19,-31,zl+EX8/PIRahhcOf9DZF4F59vGw=,dixASuxPqvryFsjAZ2pi8yPs3oo=
-20,-26,zl+EX8/PIRahhcOf9DZF4F59vGw=,dixASuxPqvryFsjAZ2pi8yPs3oo=
-22,-30,zl+EX8/PIRahhcOf9DZF4F59vGw=,dixASuxPqvryFsjAZ2pi8yPs3oo=
-25,-30,zl+EX8/PIRahhcOf9DZF4F59vGw=,lZ0MD+Y4FGkdTCe8+C/useE1I0g=
-23,-26,zl+EX8/PIRahhcOf9DZF4F59vGw=,dixASuxPqvryFsjAZ2pi8yPs3oo=
-17,-32,zl+EX8/PIRahhcOf9DZF4F59vGw=,dixASuxPqvryFsjAZ2pi8yPs3oo=
-24,-26,zl+EX8/PIRahhcOf9DZF4F59vGw=,dixASuxPqvryFsjAZ2pi8yPs3oo=
-24,-30,zl+EX8/PIRahhcOf9DZF4F59vGw=,dixASuxPqvryFsjAZ2pi8yPs3oo=
-17,-27,zl+EX8/PIRahhcOf9DZF4F59vGw=,dixASuxPqvryFsjAZ2pi8yPs3oo=
-18,-27,zl+EX8/PIRahhcOf9DZF4F59vGw=,dixASuxPqvryFsjAZ2pi8yPs3oo=
-23,-30,zl+EX8/PIRahhcOf9DZF4F59vGw=,dixASuxPqvryFsjAZ2pi8yPs3oo=
-18,-32,zl+EX8/PIRahhcOf9DZF4F59vGw=,dixASuxPqvryFsjAZ2pi8yPs3oo=
-19,-32,zl+EX8/PIRahhcOf9DZF4F59vGw=,dixASuxPqvryFsjAZ2pi8yPs3oo=
-19,-26,zl+EX8/PIRahhcOf9DZF4F59vGw=,dixASuxPqvryFsjAZ2pi8yPs3oo=
-25,-27,zl+EX8/PIRahhcOf9DZF4F59vGw=,lZ0MD+Y4FGkdTCe8+C/useE1I0g=
-24,-31,zl+EX8/PIRahhcOf9DZF4F59vGw=,dixASuxPqvryFsjAZ2pi8yPs3oo=
-21,-27,zl+EX8/PIRahhcOf9DZF4F59vGw=,dixASuxPqvryFsjAZ2pi8yPs3oo=
-22,-27,zl+EX8/PIRahhcOf9DZF4F59vGw=,dixASuxPqvryFsjAZ2pi8yPs3oo=
-22,-31,zl+EX8/PIRahhcOf9DZF4F59vGw=,dixASuxPqvryFsjAZ2pi8yPs3oo=
-23,-31,zl+EX8/PIRahhcOf9DZF4F59vGw=,dixASuxPqvryFsjAZ2pi8yPs3oo=
-20,-28,zl+EX8/PIRahhcOf9DZF4F59vGw=,dixASuxPqvryFsjAZ2pi8yPs3oo=
-19,-27,zl+EX8/PIRahhcOf9DZF4F59vGw=,dixASuxPqvryFsjAZ2pi8yPs3oo=
-23,-27,zl+EX8/PIRahhcOf9DZF4F59vGw=,dixASuxPqvryFsjAZ2pi8yPs3oo=
-20,-31,zl+EX8/PIRahhcOf9DZF4F59vGw=,dixASuxPqvryFsjAZ2pi8yPs3oo=
-24,-27,zl+EX8/PIRahhcOf9DZF4F59vGw=,dixASuxPqvryFsjAZ2pi8yPs3oo=
-17,-28,zl+EX8/PIRahhcOf9DZF4F59vGw=,dixASuxPqvryFsjAZ2pi8yPs3oo=
-18,-28,zl+EX8/PIRahhcOf9DZF4F59vGw=,dixASuxPqvryFsjAZ2pi8yPs3oo=
-32,-32,zl+EX8/PIRahhcOf9DZF4F59vGw=,lZ0MD+Y4FGkdTCe8+C/useE1I0g=
-24,-32,zl+EX8/PIRahhcOf9DZF4F59vGw=,dixASuxPqvryFsjAZ2pi8yPs3oo=
-20,-32,zl+EX8/PIRahhcOf9DZF4F59vGw=,dixASuxPqvryFsjAZ2pi8yPs3oo=
-21,-31,zl+EX8/PIRahhcOf9DZF4F59vGw=,dixASuxPqvryFsjAZ2pi8yPs3oo=
-19,-28,zl+EX8/PIRahhcOf9DZF4F59vGw=,dixASuxPqvryFsjAZ2pi8yPs3oo=
-20,-27,zl+EX8/PIRahhcOf9DZF4F59vGw=,dixASuxPqvryFsjAZ2pi8yPs3oo=
-25,-31,zl+EX8/PIRahhcOf9DZF4F59vGw=,lZ0MD+Y4FGkdTCe8+C/useE1I0g=
-23,-32,zl+EX8/PIRahhcOf9DZF4F59vGw=,dixASuxPqvryFsjAZ2pi8yPs3oo=
-22,-32,zl+EX8/PIRahhcOf9DZF4F59vGw=,dixASuxPqvryFsjAZ2pi8yPs3oo=
-32,-25,zl+EX8/PIRahhcOf9DZF4F59vGw=,lZ0MD+Y4FGkdTCe8+C/useE1I0g=
-32,-22,zl+EX8/PIRahhcOf9DZF4F59vGw=,bRs0erm3LLuH4hiS5BV7rWRxd7A=
-32,-23,zl+EX8/PIRahhcOf9DZF4F59vGw=,bRs0erm3LLuH4hiS5BV7rWRxd7A=
-32,-18,zl+EX8/PIRahhcOf9DZF4F59vGw=,bRs0erm3LLuH4hiS5BV7rWRxd7A=
-21,-32,zl+EX8/PIRahhcOf9DZF4F59vGw=,dixASuxPqvryFsjAZ2pi8yPs3oo=
-32,-20,zl+EX8/PIRahhcOf9DZF4F59vGw=,bRs0erm3LLuH4hiS5BV7rWRxd7A=
-32,-21,zl+EX8/PIRahhcOf9DZF4F59vGw=,bRs0erm3LLuH4hiS5BV7rWRxd7A=
-32,-24,zl+EX8/PIRahhcOf9DZF4F59vGw=,bRs0erm3LLuH4hiS5BV7rWRxd7A=
-32,-17,zl+EX8/PIRahhcOf9DZF4F59vGw=,bRs0erm3LLuH4hiS5BV7rWRxd7A=
-32,-19,zl+EX8/PIRahhcOf9DZF4F59vGw=,bRs0erm3LLuH4hiS5BV7rWRxd7A=
-25,-21,zl+EX8/PIRahhcOf9DZF4F59vGw=,bRs0erm3LLuH4hiS5BV7rWRxd7A=
-25,-25,zl+EX8/PIRahhcOf9DZF4F59vGw=,lZ0MD+Y4FGkdTCe8+C/useE1I0g=
-25,-17,zl+EX8/PIRahhcOf9DZF4F59vGw=,bRs0erm3LLuH4hiS5BV7rWRxd7A=
-25,-18,zl+EX8/PIRahhcOf9DZF4F59vGw=,bRs0erm3LLuH4hiS5BV7rWRxd7A=
-17,-23,zl+EX8/PIRahhcOf9DZF4F59vGw=,AUr6Am3tE/9wwCPn/4rov5ST8FY=
-25,-19,zl+EX8/PIRahhcOf9DZF4F59vGw=,bRs0erm3LLuH4hiS5BV7rWRxd7A=
-18,-25,zl+EX8/PIRahhcOf9DZF4F59vGw=,dixASuxPqvryFsjAZ2pi8yPs3oo=
-17,-25,zl+EX8/PIRahhcOf9DZF4F59vGw=,dixASuxPqvryFsjAZ2pi8yPs3oo=
-25,-20,zl+EX8/PIRahhcOf9DZF4F59vGw=,bRs0erm3LLuH4hiS5BV7rWRxd7A=
-22,-23,zl+EX8/PIRahhcOf9DZF4F59vGw=,AUr6Am3tE/9wwCPn/4rov5ST8FY=
-22,-25,zl+EX8/PIRahhcOf9DZF4F59vGw=,dixASuxPqvryFsjAZ2pi8yPs3oo=
-23,-25,zl+EX8/PIRahhcOf9DZF4F59vGw=,dixASuxPqvryFsjAZ2pi8yPs3oo=
-24,-25,zl+EX8/PIRahhcOf9DZF4F59vGw=,dixASuxPqvryFsjAZ2pi8yPs3oo=
-22,-19,zl+EX8/PIRahhcOf9DZF4F59vGw=,AUr6Am3tE/9wwCPn/4rov5ST8FY=
-23,-19,zl+EX8/PIRahhcOf9DZF4F59vGw=,AUr6Am3tE/9wwCPn/4rov5ST8FY=
-19,-20,zl+EX8/PIRahhcOf9DZF4F59vGw=,AUr6Am3tE/9wwCPn/4rov5ST8FY=
-17,-21,zl+EX8/PIRahhcOf9DZF4F59vGw=,AUr6Am3tE/9wwCPn/4rov5ST8FY=
-21,-25,zl+EX8/PIRahhcOf9DZF4F59vGw=,dixASuxPqvryFsjAZ2pi8yPs3oo=
-23,-23,zl+EX8/PIRahhcOf9DZF4F59vGw=,AUr6Am3tE/9wwCPn/4rov5ST8FY=
-25,-23,zl+EX8/PIRahhcOf9DZF4F59vGw=,bRs0erm3LLuH4hiS5BV7rWRxd7A=
-18,-23,zl+EX8/PIRahhcOf9DZF4F59vGw=,AUr6Am3tE/9wwCPn/4rov5ST8FY=
-19,-25,zl+EX8/PIRahhcOf9DZF4F59vGw=,dixASuxPqvryFsjAZ2pi8yPs3oo=
-24,-23,zl+EX8/PIRahhcOf9DZF4F59vGw=,AUr6Am3tE/9wwCPn/4rov5ST8FY=
-18,-21,zl+EX8/PIRahhcOf9DZF4F59vGw=,AUr6Am3tE/9wwCPn/4rov5ST8FY=
-19,-23,zl+EX8/PIRahhcOf9DZF4F59vGw=,AUr6Am3tE/9wwCPn/4rov5ST8FY=
-18,-22,zl+EX8/PIRahhcOf9DZF4F59vGw=,AUr6Am3tE/9wwCPn/4rov5ST8FY=
-17,-22,zl+EX8/PIRahhcOf9DZF4F59vGw=,AUr6Am3tE/9wwCPn/4rov5ST8FY=
-19,-21,zl+EX8/PIRahhcOf9DZF4F59vGw=,AUr6Am3tE/9wwCPn/4rov5ST8FY=
-22,-21,zl+EX8/PIRahhcOf9DZF4F59vGw=,AUr6Am3tE/9wwCPn/4rov5ST8FY=
-24,-21,zl+EX8/PIRahhcOf9DZF4F59vGw=,AUr6Am3tE/9wwCPn/4rov5ST8FY=
-23,-21,zl+EX8/PIRahhcOf9DZF4F59vGw=,AUr6Am3tE/9wwCPn/4rov5ST8FY=
-17,-24,zl+EX8/PIRahhcOf9DZF4F59vGw=,AUr6Am3tE/9wwCPn/4rov5ST8FY=
-22,-22,zl+EX8/PIRahhcOf9DZF4F59vGw=,AUr6Am3tE/9wwCPn/4rov5ST8FY=
-22,-24,zl+EX8/PIRahhcOf9DZF4F59vGw=,AUr6Am3tE/9wwCPn/4rov5ST8FY=
-23,-22,zl+EX8/PIRahhcOf9DZF4F59vGw=,AUr6Am3tE/9wwCPn/4rov5ST8FY=
-25,-22,zl+EX8/PIRahhcOf9DZF4F59vGw=,bRs0erm3LLuH4hiS5BV7rWRxd7A=
-23,-24,zl+EX8/PIRahhcOf9DZF4F59vGw=,AUr6Am3tE/9wwCPn/4rov5ST8FY=
-25,-24,zl+EX8/PIRahhcOf9DZF4F59vGw=,bRs0erm3LLuH4hiS5BV7rWRxd7A=
-17,-20,zl+EX8/PIRahhcOf9DZF4F59vGw=,AUr6Am3tE/9wwCPn/4rov5ST8FY=
-24,-19,zl+EX8/PIRahhcOf9DZF4F59vGw=,AUr6Am3tE/9wwCPn/4rov5ST8FY=
-18,-24,zl+EX8/PIRahhcOf9DZF4F59vGw=,AUr6Am3tE/9wwCPn/4rov5ST8FY=
-24,-24,zl+EX8/PIRahhcOf9DZF4F59vGw=,AUr6Am3tE/9wwCPn/4rov5ST8FY=
-20,-25,zl+EX8/PIRahhcOf9DZF4F59vGw=,dixASuxPqvryFsjAZ2pi8yPs3oo=
-21,-22,zl+EX8/PIRahhcOf9DZF4F59vGw=,AUr6Am3tE/9wwCPn/4rov5ST8FY=
-21,-19,zl+EX8/PIRahhcOf9DZF4F59vGw=,AUr6Am3tE/9wwCPn/4rov5ST8FY=
-19,-22,zl+EX8/PIRahhcOf9DZF4F59vGw=,AUr6Am3tE/9wwCPn/4rov5ST8FY=
-22,-20,zl+EX8/PIRahhcOf9DZF4F59vGw=,AUr6Am3tE/9wwCPn/4rov5ST8FY=
-21,-24,zl+EX8/PIRahhcOf9DZF4F59vGw=,AUr6Am3tE/9wwCPn/4rov5ST8FY=
-20,-20,zl+EX8/PIRahhcOf9DZF4F59vGw=,AUr6Am3tE/9wwCPn/4rov5ST8FY=
-23,-17,zl+EX8/PIRahhcOf9DZF4F59vGw=,AUr6Am3tE/9wwCPn/4rov5ST8FY=
-24,-17,zl+EX8/PIRahhcOf9DZF4F59vGw=,AUr6Am3tE/9wwCPn/4rov5ST8FY=
-23,-20,zl+EX8/PIRahhcOf9DZF4F59vGw=,AUr6Am3tE/9wwCPn/4rov5ST8FY=
-21,-20,zl+EX8/PIRahhcOf9DZF4F59vGw=,AUr6Am3tE/9wwCPn/4rov5ST8FY=
-20,-21,zl+EX8/PIRahhcOf9DZF4F59vGw=,AUr6Am3tE/9wwCPn/4rov5ST8FY=
-22,-17,zl+EX8/PIRahhcOf9DZF4F59vGw=,AUr6Am3tE/9wwCPn/4rov5ST8FY=
-20,-19,zl+EX8/PIRahhcOf9DZF4F59vGw=,AUr6Am3tE/9wwCPn/4rov5ST8FY=
-21,-21,zl+EX8/PIRahhcOf9DZF4F59vGw=,AUr6Am3tE/9wwCPn/4rov5ST8FY=
-24,-22,zl+EX8/PIRahhcOf9DZF4F59vGw=,AUr6Am3tE/9wwCPn/4rov5ST8FY=
-19,-24,zl+EX8/PIRahhcOf9DZF4F59vGw=,AUr6Am3tE/9wwCPn/4rov5ST8FY=
-20,-22,zl+EX8/PIRahhcOf9DZF4F59vGw=,AUr6Am3tE/9wwCPn/4rov5ST8FY=
-24,-20,zl+EX8/PIRahhcOf9DZF4F59vGw=,AUr6Am3tE/9wwCPn/4rov5ST8FY=
-20,-17,zl+EX8/PIRahhcOf9DZF4F59vGw=,AUr6Am3tE/9wwCPn/4rov5ST8FY=
-22,-18,zl+EX8/PIRahhcOf9DZF4F59vGw=,AUr6Am3tE/9wwCPn/4rov5ST8FY=
-18,-20,zl+EX8/PIRahhcOf9DZF4F59vGw=,AUr6Am3tE/9wwCPn/4rov5ST8FY=
-23,-18,zl+EX8/PIRahhcOf9DZF4F59vGw=,AUr6Am3tE/9wwCPn/4rov5ST8FY=
-24,-18,zl+EX8/PIRahhcOf9DZF4F59vGw=,AUr6Am3tE/9wwCPn/4rov5ST8FY=
-17,-17,zl+EX8/PIRahhcOf9DZF4F59vGw=,AUr6Am3tE/9wwCPn/4rov5ST8FY=
-17,-19,zl+EX8/PIRahhcOf9DZF4F59vGw=,AUr6Am3tE/9wwCPn/4rov5ST8FY=
-18,-18,zl+EX8/PIRahhcOf9DZF4F59vGw=,AUr6Am3tE/9wwCPn/4rov5ST8FY=
-19,-19,zl+EX8/PIRahhcOf9DZF4F59vGw=,AUr6Am3tE/9wwCPn/4rov5ST8FY=
-18,-17,zl+EX8/PIRahhcOf9DZF4F59vGw=,AUr6Am3tE/9wwCPn/4rov5ST8FY=
-17,-18,zl+EX8/PIRahhcOf9DZF4F59vGw=,AUr6Am3tE/9wwCPn/4rov5ST8FY=
-21,-23,zl+EX8/PIRahhcOf9DZF4F59vGw=,AUr6Am3tE/9wwCPn/4rov5ST8FY=
-19,-17,zl+EX8/PIRahhcOf9DZF4F59vGw=,AUr6Am3tE/9wwCPn/4rov5ST8FY=
-18,-19,zl+EX8/PIRahhcOf9DZF4F59vGw=,AUr6Am3tE/9wwCPn/4rov5ST8FY=
-21,-17,zl+EX8/PIRahhcOf9DZF4F59vGw=,AUr6Am3tE/9wwCPn/4rov5ST8FY=
-20,-23,zl+EX8/PIRahhcOf9DZF4F59vGw=,AUr6Am3tE/9wwCPn/4rov5ST8FY=
-20,-18,zl+EX8/PIRahhcOf9DZF4F59vGw=,AUr6Am3tE/9wwCPn/4rov5ST8FY=
-20,-24,zl+EX8/PIRahhcOf9DZF4F59vGw=,AUr6Am3tE/9wwCPn/4rov5ST8FY=
-21,-18,zl+EX8/PIRahhcOf9DZF4F59vGw=,AUr6Am3tE/9wwCPn/4rov5ST8FY=
-19,-18,zl+EX8/PIRahhcOf9DZF4F59vGw=,AUr6Am3tE/9wwCPn/4rov5ST8FY=
-29,-5,EOJL1ND/ybWt1N3bc9NUfZ/qZgo=,X5o3ZbFS6ZpfEpWFuscUSl5YfCI=
-28,-5,EOJL1ND/ybWt1N3bc9NUfZ/qZgo=,X5o3ZbFS6ZpfEpWFuscUSl5YfCI=
-30,-5,EOJL1ND/ybWt1N3bc9NUfZ/qZgo=,X5o3ZbFS6ZpfEpWFuscUSl5YfCI=
-31,-5,EOJL1ND/ybWt1N3bc9NUfZ/qZgo=,X5o3ZbFS6ZpfEpWFuscUSl5YfCI=
-26,-2,EOJL1ND/ybWt1N3bc9NUfZ/qZgo=,X5o3ZbFS6ZpfEpWFuscUSl5YfCI=
-28,-6,EOJL1ND/ybWt1N3bc9NUfZ/qZgo=,X5o3ZbFS6ZpfEpWFuscUSl5YfCI=
-27,-2,EOJL1ND/ybWt1N3bc9NUfZ/qZgo=,X5o3ZbFS6ZpfEpWFuscUSl5YfCI=
-29,-6,EOJL1ND/ybWt1N3bc9NUfZ/qZgo=,X5o3ZbFS6ZpfEpWFuscUSl5YfCI=
-28,-2,EOJL1ND/ybWt1N3bc9NUfZ/qZgo=,X5o3ZbFS6ZpfEpWFuscUSl5YfCI=
-29,-2,EOJL1ND/ybWt1N3bc9NUfZ/qZgo=,X5o3ZbFS6ZpfEpWFuscUSl5YfCI=
-30,-2,EOJL1ND/ybWt1N3bc9NUfZ/qZgo=,X5o3ZbFS6ZpfEpWFuscUSl5YfCI=
-30,-6,EOJL1ND/ybWt1N3bc9NUfZ/qZgo=,X5o3ZbFS6ZpfEpWFuscUSl5YfCI=
-31,-6,EOJL1ND/ybWt1N3bc9NUfZ/qZgo=,X5o3ZbFS6ZpfEpWFuscUSl5YfCI=
-27,-6,EOJL1ND/ybWt1N3bc9NUfZ/qZgo=,X5o3ZbFS6ZpfEpWFuscUSl5YfCI=
-29,-7,EOJL1ND/ybWt1N3bc9NUfZ/qZgo=,X5o3ZbFS6ZpfEpWFuscUSl5YfCI=
-28,-7,EOJL1ND/ybWt1N3bc9NUfZ/qZgo=,X5o3ZbFS6ZpfEpWFuscUSl5YfCI=
-26,-6,EOJL1ND/ybWt1N3bc9NUfZ/qZgo=,X5o3ZbFS6ZpfEpWFuscUSl5YfCI=
-30,-7,EOJL1ND/ybWt1N3bc9NUfZ/qZgo=,X5o3ZbFS6ZpfEpWFuscUSl5YfCI=
-31,-7,EOJL1ND/ybWt1N3bc9NUfZ/qZgo=,X5o3ZbFS6ZpfEpWFuscUSl5YfCI=
-31,-2,EOJL1ND/ybWt1N3bc9NUfZ/qZgo=,X5o3ZbFS6ZpfEpWFuscUSl5YfCI=
-26,-3,EOJL1ND/ybWt1N3bc9NUfZ/qZgo=,X5o3ZbFS6ZpfEpWFuscUSl5YfCI=
-27,-3,EOJL1ND/ybWt1N3bc9NUfZ/qZgo=,X5o3ZbFS6ZpfEpWFuscUSl5YfCI=
-28,-3,EOJL1ND/ybWt1N3bc9NUfZ/qZgo=,X5o3ZbFS6ZpfEpWFuscUSl5YfCI=
-30,-3,EOJL1ND/ybWt1N3bc9NUfZ/qZgo=,X5o3ZbFS6ZpfEpWFuscUSl5YfCI=
-31,-3,EOJL1ND/ybWt1N3bc9NUfZ/qZgo=,X5o3ZbFS6ZpfEpWFuscUSl5YfCI=
-29,-3,EOJL1ND/ybWt1N3bc9NUfZ/qZgo=,X5o3ZbFS6ZpfEpWFuscUSl5YfCI=
-26,-4,EOJL1ND/ybWt1N3bc9NUfZ/qZgo=,X5o3ZbFS6ZpfEpWFuscUSl5YfCI=
-27,-4,EOJL1ND/ybWt1N3bc9NUfZ/qZgo=,X5o3ZbFS6ZpfEpWFuscUSl5YfCI=
-28,-4,EOJL1ND/ybWt1N3bc9NUfZ/qZgo=,X5o3ZbFS6ZpfEpWFuscUSl5YfCI=
-29,-4,EOJL1ND/ybWt1N3bc9NUfZ/qZgo=,X5o3ZbFS6ZpfEpWFuscUSl5YfCI=
-30,-4,EOJL1ND/ybWt1N3bc9NUfZ/qZgo=,X5o3ZbFS6ZpfEpWFuscUSl5YfCI=
-31,-4,EOJL1ND/ybWt1N3bc9NUfZ/qZgo=,X5o3ZbFS6ZpfEpWFuscUSl5YfCI=
-26,-5,EOJL1ND/ybWt1N3bc9NUfZ/qZgo=,X5o3ZbFS6ZpfEpWFuscUSl5YfCI=
-27,-5,EOJL1ND/ybWt1N3bc9NUfZ/qZgo=,X5o3ZbFS6ZpfEpWFuscUSl5YfCI=
-31,-1,EOJL1ND/ybWt1N3bc9NUfZ/qZgo=,X5o3ZbFS6ZpfEpWFuscUSl5YfCI=
-30,-1,EOJL1ND/ybWt1N3bc9NUfZ/qZgo=,X5o3ZbFS6ZpfEpWFuscUSl5YfCI=
-29,-1,EOJL1ND/ybWt1N3bc9NUfZ/qZgo=,X5o3ZbFS6ZpfEpWFuscUSl5YfCI=
-28,-1,EOJL1ND/ybWt1N3bc9NUfZ/qZgo=,X5o3ZbFS6ZpfEpWFuscUSl5YfCI=
-27,-1,EOJL1ND/ybWt1N3bc9NUfZ/qZgo=,X5o3ZbFS6ZpfEpWFuscUSl5YfCI=
-26,-1,EOJL1ND/ybWt1N3bc9NUfZ/qZgo=,X5o3ZbFS6ZpfEpWFuscUSl5YfCI=
-26,-7,EOJL1ND/ybWt1N3bc9NUfZ/qZgo=,X5o3ZbFS6ZpfEpWFuscUSl5YfCI=
-28,-11,EOJL1ND/ybWt1N3bc9NUfZ/qZgo=,9PPApbq6HJaaSnBa86vuNTg9OdI=
-29,-11,EOJL1ND/ybWt1N3bc9NUfZ/qZgo=,9PPApbq6HJaaSnBa86vuNTg9OdI=
-27,-7,EOJL1ND/ybWt1N3bc9NUfZ/qZgo=,X5o3ZbFS6ZpfEpWFuscUSl5YfCI=
-27,-11,EOJL1ND/ybWt1N3bc9NUfZ/qZgo=,9PPApbq6HJaaSnBa86vuNTg9OdI=
-30,-11,EOJL1ND/ybWt1N3bc9NUfZ/qZgo=,9PPApbq6HJaaSnBa86vuNTg9OdI=
-26,-12,EOJL1ND/ybWt1N3bc9NUfZ/qZgo=,9PPApbq6HJaaSnBa86vuNTg9OdI=
-27,-12,EOJL1ND/ybWt1N3bc9NUfZ/qZgo=,9PPApbq6HJaaSnBa86vuNTg9OdI=
-28,-12,EOJL1ND/ybWt1N3bc9NUfZ/qZgo=,9PPApbq6HJaaSnBa86vuNTg9OdI=
-29,-12,EOJL1ND/ybWt1N3bc9NUfZ/qZgo=,9PPApbq6HJaaSnBa86vuNTg9OdI=
-30,-12,EOJL1ND/ybWt1N3bc9NUfZ/qZgo=,9PPApbq6HJaaSnBa86vuNTg9OdI=
-31,-12,EOJL1ND/ybWt1N3bc9NUfZ/qZgo=,9PPApbq6HJaaSnBa86vuNTg9OdI=
-26,-13,EOJL1ND/ybWt1N3bc9NUfZ/qZgo=,9PPApbq6HJaaSnBa86vuNTg9OdI=
-27,-13,EOJL1ND/ybWt1N3bc9NUfZ/qZgo=,9PPApbq6HJaaSnBa86vuNTg9OdI=
-28,-13,EOJL1ND/ybWt1N3bc9NUfZ/qZgo=,9PPApbq6HJaaSnBa86vuNTg9OdI=
-30,-13,EOJL1ND/ybWt1N3bc9NUfZ/qZgo=,9PPApbq6HJaaSnBa86vuNTg9OdI=
-26,-11,EOJL1ND/ybWt1N3bc9NUfZ/qZgo=,9PPApbq6HJaaSnBa86vuNTg9OdI=
-29,-13,EOJL1ND/ybWt1N3bc9NUfZ/qZgo=,9PPApbq6HJaaSnBa86vuNTg9OdI=
-31,-11,EOJL1ND/ybWt1N3bc9NUfZ/qZgo=,9PPApbq6HJaaSnBa86vuNTg9OdI=
-31,-13,EOJL1ND/ybWt1N3bc9NUfZ/qZgo=,9PPApbq6HJaaSnBa86vuNTg9OdI=
-32,-13,EOJL1ND/ybWt1N3bc9NUfZ/qZgo=,9PPApbq6HJaaSnBa86vuNTg9OdI=
-26,-14,EOJL1ND/ybWt1N3bc9NUfZ/qZgo=,9PPApbq6HJaaSnBa86vuNTg9OdI=
-27,-14,EOJL1ND/ybWt1N3bc9NUfZ/qZgo=,9PPApbq6HJaaSnBa86vuNTg9OdI=
-28,-14,EOJL1ND/ybWt1N3bc9NUfZ/qZgo=,9PPApbq6HJaaSnBa86vuNTg9OdI=
-29,-14,EOJL1ND/ybWt1N3bc9NUfZ/qZgo=,9PPApbq6HJaaSnBa86vuNTg9OdI=
-30,-14,EOJL1ND/ybWt1N3bc9NUfZ/qZgo=,9PPApbq6HJaaSnBa86vuNTg9OdI=
-32,-12,EOJL1ND/ybWt1N3bc9NUfZ/qZgo=,9PPApbq6HJaaSnBa86vuNTg9OdI=
-31,-8,EOJL1ND/ybWt1N3bc9NUfZ/qZgo=,X5o3ZbFS6ZpfEpWFuscUSl5YfCI=
-31,-14,EOJL1ND/ybWt1N3bc9NUfZ/qZgo=,9PPApbq6HJaaSnBa86vuNTg9OdI=
-32,-11,EOJL1ND/ybWt1N3bc9NUfZ/qZgo=,9PPApbq6HJaaSnBa86vuNTg9OdI=
-26,-15,EOJL1ND/ybWt1N3bc9NUfZ/qZgo=,9PPApbq6HJaaSnBa86vuNTg9OdI=
-27,-15,EOJL1ND/ybWt1N3bc9NUfZ/qZgo=,9PPApbq6HJaaSnBa86vuNTg9OdI=
-28,-15,EOJL1ND/ybWt1N3bc9NUfZ/qZgo=,9PPApbq6HJaaSnBa86vuNTg9OdI=
-32,-14,EOJL1ND/ybWt1N3bc9NUfZ/qZgo=,9PPApbq6HJaaSnBa86vuNTg9OdI=
-29,-15,EOJL1ND/ybWt1N3bc9NUfZ/qZgo=,9PPApbq6HJaaSnBa86vuNTg9OdI=
-30,-15,EOJL1ND/ybWt1N3bc9NUfZ/qZgo=,9PPApbq6HJaaSnBa86vuNTg9OdI=
-30,-8,EOJL1ND/ybWt1N3bc9NUfZ/qZgo=,X5o3ZbFS6ZpfEpWFuscUSl5YfCI=
-31,-15,EOJL1ND/ybWt1N3bc9NUfZ/qZgo=,9PPApbq6HJaaSnBa86vuNTg9OdI=
-27,-9,EOJL1ND/ybWt1N3bc9NUfZ/qZgo=,9PPApbq6HJaaSnBa86vuNTg9OdI=
-29,-8,EOJL1ND/ybWt1N3bc9NUfZ/qZgo=,X5o3ZbFS6ZpfEpWFuscUSl5YfCI=
-32,-15,EOJL1ND/ybWt1N3bc9NUfZ/qZgo=,9PPApbq6HJaaSnBa86vuNTg9OdI=
-27,-10,EOJL1ND/ybWt1N3bc9NUfZ/qZgo=,9PPApbq6HJaaSnBa86vuNTg9OdI=
-29,-9,EOJL1ND/ybWt1N3bc9NUfZ/qZgo=,9PPApbq6HJaaSnBa86vuNTg9OdI=
-28,-10,EOJL1ND/ybWt1N3bc9NUfZ/qZgo=,9PPApbq6HJaaSnBa86vuNTg9OdI=
-29,-10,EOJL1ND/ybWt1N3bc9NUfZ/qZgo=,9PPApbq6HJaaSnBa86vuNTg9OdI=
-30,-10,EOJL1ND/ybWt1N3bc9NUfZ/qZgo=,9PPApbq6HJaaSnBa86vuNTg9OdI=
-26,-9,EOJL1ND/ybWt1N3bc9NUfZ/qZgo=,9PPApbq6HJaaSnBa86vuNTg9OdI=
-28,-8,EOJL1ND/ybWt1N3bc9NUfZ/qZgo=,X5o3ZbFS6ZpfEpWFuscUSl5YfCI=
-27,-8,EOJL1ND/ybWt1N3bc9NUfZ/qZgo=,X5o3ZbFS6ZpfEpWFuscUSl5YfCI=
-28,-9,EOJL1ND/ybWt1N3bc9NUfZ/qZgo=,9PPApbq6HJaaSnBa86vuNTg9OdI=
-26,-10,EOJL1ND/ybWt1N3bc9NUfZ/qZgo=,9PPApbq6HJaaSnBa86vuNTg9OdI=
-32,-10,EOJL1ND/ybWt1N3bc9NUfZ/qZgo=,9PPApbq6HJaaSnBa86vuNTg9OdI=
-31,-9,EOJL1ND/ybWt1N3bc9NUfZ/qZgo=,9PPApbq6HJaaSnBa86vuNTg9OdI=
-30,-9,EOJL1ND/ybWt1N3bc9NUfZ/qZgo=,9PPApbq6HJaaSnBa86vuNTg9OdI=
-31,-10,EOJL1ND/ybWt1N3bc9NUfZ/qZgo=,9PPApbq6HJaaSnBa86vuNTg9OdI=
-26,-8,EOJL1ND/ybWt1N3bc9NUfZ/qZgo=,X5o3ZbFS6ZpfEpWFuscUSl5YfCI=
-30,-16,EOJL1ND/ybWt1N3bc9NUfZ/qZgo=,9PPApbq6HJaaSnBa86vuNTg9OdI=
-31,-16,EOJL1ND/ybWt1N3bc9NUfZ/qZgo=,9PPApbq6HJaaSnBa86vuNTg9OdI=
-29,-16,EOJL1ND/ybWt1N3bc9NUfZ/qZgo=,9PPApbq6HJaaSnBa86vuNTg9OdI=
-28,-16,EOJL1ND/ybWt1N3bc9NUfZ/qZgo=,9PPApbq6HJaaSnBa86vuNTg9OdI=
-27,-16,EOJL1ND/ybWt1N3bc9NUfZ/qZgo=,9PPApbq6HJaaSnBa86vuNTg9OdI=
-26,-16,EOJL1ND/ybWt1N3bc9NUfZ/qZgo=,9PPApbq6HJaaSnBa86vuNTg9OdI=
-32,-4,EOJL1ND/ybWt1N3bc9NUfZ/qZgo=,X5o3ZbFS6ZpfEpWFuscUSl5YfCI=
-32,-1,EOJL1ND/ybWt1N3bc9NUfZ/qZgo=,X5o3ZbFS6ZpfEpWFuscUSl5YfCI=
-32,-3,EOJL1ND/ybWt1N3bc9NUfZ/qZgo=,X5o3ZbFS6ZpfEpWFuscUSl5YfCI=
-32,-5,EOJL1ND/ybWt1N3bc9NUfZ/qZgo=,X5o3ZbFS6ZpfEpWFuscUSl5YfCI=
-32,-6,EOJL1ND/ybWt1N3bc9NUfZ/qZgo=,X5o3ZbFS6ZpfEpWFuscUSl5YfCI=
-32,-7,EOJL1ND/ybWt1N3bc9NUfZ/qZgo=,X5o3ZbFS6ZpfEpWFuscUSl5YfCI=
-32,-8,EOJL1ND/ybWt1N3bc9NUfZ/qZgo=,X5o3ZbFS6ZpfEpWFuscUSl5YfCI=
-32,-2,EOJL1ND/ybWt1N3bc9NUfZ/qZgo=,X5o3ZbFS6ZpfEpWFuscUSl5YfCI=
-32,-9,EOJL1ND/ybWt1N3bc9NUfZ/qZgo=,9PPApbq6HJaaSnBa86vuNTg9OdI=
-32,-16,EOJL1ND/ybWt1N3bc9NUfZ/qZgo=,9PPApbq6HJaaSnBa86vuNTg9OdI=
-25,-11,EOJL1ND/ybWt1N3bc9NUfZ/qZgo=,9PPApbq6HJaaSnBa86vuNTg9OdI=
-21,-13,EOJL1ND/ybWt1N3bc9NUfZ/qZgo=,7ahdlXancA2cd9L3EgSfMr5u9bs=
-22,-13,EOJL1ND/ybWt1N3bc9NUfZ/qZgo=,7ahdlXancA2cd9L3EgSfMr5u9bs=
-25,-12,EOJL1ND/ybWt1N3bc9NUfZ/qZgo=,9PPApbq6HJaaSnBa86vuNTg9OdI=
-23,-13,EOJL1ND/ybWt1N3bc9NUfZ/qZgo=,7ahdlXancA2cd9L3EgSfMr5u9bs=
-24,-13,EOJL1ND/ybWt1N3bc9NUfZ/qZgo=,7ahdlXancA2cd9L3EgSfMr5u9bs=
-25,-13,EOJL1ND/ybWt1N3bc9NUfZ/qZgo=,9PPApbq6HJaaSnBa86vuNTg9OdI=
-22,-14,EOJL1ND/ybWt1N3bc9NUfZ/qZgo=,7ahdlXancA2cd9L3EgSfMr5u9bs=
-17,-10,EOJL1ND/ybWt1N3bc9NUfZ/qZgo=,7ahdlXancA2cd9L3EgSfMr5u9bs=
-18,-10,EOJL1ND/ybWt1N3bc9NUfZ/qZgo=,7ahdlXancA2cd9L3EgSfMr5u9bs=
-19,-10,EOJL1ND/ybWt1N3bc9NUfZ/qZgo=,7ahdlXancA2cd9L3EgSfMr5u9bs=
-20,-10,EOJL1ND/ybWt1N3bc9NUfZ/qZgo=,7ahdlXancA2cd9L3EgSfMr5u9bs=
-23,-14,EOJL1ND/ybWt1N3bc9NUfZ/qZgo=,7ahdlXancA2cd9L3EgSfMr5u9bs=
-21,-10,EOJL1ND/ybWt1N3bc9NUfZ/qZgo=,7ahdlXancA2cd9L3EgSfMr5u9bs=
-22,-10,EOJL1ND/ybWt1N3bc9NUfZ/qZgo=,7ahdlXancA2cd9L3EgSfMr5u9bs=
-21,-14,EOJL1ND/ybWt1N3bc9NUfZ/qZgo=,7ahdlXancA2cd9L3EgSfMr5u9bs=
-17,-14,EOJL1ND/ybWt1N3bc9NUfZ/qZgo=,7ahdlXancA2cd9L3EgSfMr5u9bs=
-25,-10,EOJL1ND/ybWt1N3bc9NUfZ/qZgo=,9PPApbq6HJaaSnBa86vuNTg9OdI=
-19,-14,EOJL1ND/ybWt1N3bc9NUfZ/qZgo=,7ahdlXancA2cd9L3EgSfMr5u9bs=
-24,-14,EOJL1ND/ybWt1N3bc9NUfZ/qZgo=,7ahdlXancA2cd9L3EgSfMr5u9bs=
-25,-16,EOJL1ND/ybWt1N3bc9NUfZ/qZgo=,9PPApbq6HJaaSnBa86vuNTg9OdI=
-20,-13,EOJL1ND/ybWt1N3bc9NUfZ/qZgo=,7ahdlXancA2cd9L3EgSfMr5u9bs=
-24,-16,EOJL1ND/ybWt1N3bc9NUfZ/qZgo=,7ahdlXancA2cd9L3EgSfMr5u9bs=
-23,-16,EOJL1ND/ybWt1N3bc9NUfZ/qZgo=,7ahdlXancA2cd9L3EgSfMr5u9bs=
-19,-13,EOJL1ND/ybWt1N3bc9NUfZ/qZgo=,7ahdlXancA2cd9L3EgSfMr5u9bs=
-17,-11,EOJL1ND/ybWt1N3bc9NUfZ/qZgo=,7ahdlXancA2cd9L3EgSfMr5u9bs=
-18,-11,EOJL1ND/ybWt1N3bc9NUfZ/qZgo=,7ahdlXancA2cd9L3EgSfMr5u9bs=
-19,-11,EOJL1ND/ybWt1N3bc9NUfZ/qZgo=,7ahdlXancA2cd9L3EgSfMr5u9bs=
-18,-14,EOJL1ND/ybWt1N3bc9NUfZ/qZgo=,7ahdlXancA2cd9L3EgSfMr5u9bs=
-20,-11,EOJL1ND/ybWt1N3bc9NUfZ/qZgo=,7ahdlXancA2cd9L3EgSfMr5u9bs=
-21,-11,EOJL1ND/ybWt1N3bc9NUfZ/qZgo=,7ahdlXancA2cd9L3EgSfMr5u9bs=
-22,-11,EOJL1ND/ybWt1N3bc9NUfZ/qZgo=,7ahdlXancA2cd9L3EgSfMr5u9bs=
-24,-11,EOJL1ND/ybWt1N3bc9NUfZ/qZgo=,7ahdlXancA2cd9L3EgSfMr5u9bs=
-18,-13,EOJL1ND/ybWt1N3bc9NUfZ/qZgo=,7ahdlXancA2cd9L3EgSfMr5u9bs=
-17,-13,EOJL1ND/ybWt1N3bc9NUfZ/qZgo=,7ahdlXancA2cd9L3EgSfMr5u9bs=
-22,-16,EOJL1ND/ybWt1N3bc9NUfZ/qZgo=,7ahdlXancA2cd9L3EgSfMr5u9bs=
-17,-12,EOJL1ND/ybWt1N3bc9NUfZ/qZgo=,7ahdlXancA2cd9L3EgSfMr5u9bs=
-18,-12,EOJL1ND/ybWt1N3bc9NUfZ/qZgo=,7ahdlXancA2cd9L3EgSfMr5u9bs=
-18,-15,EOJL1ND/ybWt1N3bc9NUfZ/qZgo=,7ahdlXancA2cd9L3EgSfMr5u9bs=
-25,-14,EOJL1ND/ybWt1N3bc9NUfZ/qZgo=,9PPApbq6HJaaSnBa86vuNTg9OdI=
-22,-15,EOJL1ND/ybWt1N3bc9NUfZ/qZgo=,7ahdlXancA2cd9L3EgSfMr5u9bs=
-19,-12,EOJL1ND/ybWt1N3bc9NUfZ/qZgo=,7ahdlXancA2cd9L3EgSfMr5u9bs=
-23,-15,EOJL1ND/ybWt1N3bc9NUfZ/qZgo=,7ahdlXancA2cd9L3EgSfMr5u9bs=
-20,-12,EOJL1ND/ybWt1N3bc9NUfZ/qZgo=,7ahdlXancA2cd9L3EgSfMr5u9bs=
-17,-15,EOJL1ND/ybWt1N3bc9NUfZ/qZgo=,7ahdlXancA2cd9L3EgSfMr5u9bs=
-24,-15,EOJL1ND/ybWt1N3bc9NUfZ/qZgo=,7ahdlXancA2cd9L3EgSfMr5u9bs=
-21,-12,EOJL1ND/ybWt1N3bc9NUfZ/qZgo=,7ahdlXancA2cd9L3EgSfMr5u9bs=
-22,-12,EOJL1ND/ybWt1N3bc9NUfZ/qZgo=,7ahdlXancA2cd9L3EgSfMr5u9bs=
-23,-11,EOJL1ND/ybWt1N3bc9NUfZ/qZgo=,7ahdlXancA2cd9L3EgSfMr5u9bs=
-23,-12,EOJL1ND/ybWt1N3bc9NUfZ/qZgo=,7ahdlXancA2cd9L3EgSfMr5u9bs=
-23,-10,EOJL1ND/ybWt1N3bc9NUfZ/qZgo=,7ahdlXancA2cd9L3EgSfMr5u9bs=
-25,-15,EOJL1ND/ybWt1N3bc9NUfZ/qZgo=,9PPApbq6HJaaSnBa86vuNTg9OdI=
-24,-12,EOJL1ND/ybWt1N3bc9NUfZ/qZgo=,7ahdlXancA2cd9L3EgSfMr5u9bs=
-20,-14,EOJL1ND/ybWt1N3bc9NUfZ/qZgo=,7ahdlXancA2cd9L3EgSfMr5u9bs=
-19,-15,EOJL1ND/ybWt1N3bc9NUfZ/qZgo=,7ahdlXancA2cd9L3EgSfMr5u9bs=
-24,-10,EOJL1ND/ybWt1N3bc9NUfZ/qZgo=,7ahdlXancA2cd9L3EgSfMr5u9bs=
-20,-15,EOJL1ND/ybWt1N3bc9NUfZ/qZgo=,7ahdlXancA2cd9L3EgSfMr5u9bs=
-21,-16,EOJL1ND/ybWt1N3bc9NUfZ/qZgo=,7ahdlXancA2cd9L3EgSfMr5u9bs=
-21,-15,EOJL1ND/ybWt1N3bc9NUfZ/qZgo=,7ahdlXancA2cd9L3EgSfMr5u9bs=
-20,-16,EOJL1ND/ybWt1N3bc9NUfZ/qZgo=,7ahdlXancA2cd9L3EgSfMr5u9bs=
-19,-16,EOJL1ND/ybWt1N3bc9NUfZ/qZgo=,7ahdlXancA2cd9L3EgSfMr5u9bs=
-18,-16,EOJL1ND/ybWt1N3bc9NUfZ/qZgo=,7ahdlXancA2cd9L3EgSfMr5u9bs=
-17,-16,EOJL1ND/ybWt1N3bc9NUfZ/qZgo=,7ahdlXancA2cd9L3EgSfMr5u9bs=
-25,-1,EOJL1ND/ybWt1N3bc9NUfZ/qZgo=,X5o3ZbFS6ZpfEpWFuscUSl5YfCI=
-21,-3,EOJL1ND/ybWt1N3bc9NUfZ/qZgo=,9eiUKFh2loKZ5vp3sxtRuDSAN+M=
-22,-3,EOJL1ND/ybWt1N3bc9NUfZ/qZgo=,9eiUKFh2loKZ5vp3sxtRuDSAN+M=
-23,-3,EOJL1ND/ybWt1N3bc9NUfZ/qZgo=,9eiUKFh2loKZ5vp3sxtRuDSAN+M=
-24,-5,EOJL1ND/ybWt1N3bc9NUfZ/qZgo=,9eiUKFh2loKZ5vp3sxtRuDSAN+M=
-23,-5,EOJL1ND/ybWt1N3bc9NUfZ/qZgo=,9eiUKFh2loKZ5vp3sxtRuDSAN+M=
-18,-9,EOJL1ND/ybWt1N3bc9NUfZ/qZgo=,7ahdlXancA2cd9L3EgSfMr5u9bs=
-22,-5,EOJL1ND/ybWt1N3bc9NUfZ/qZgo=,9eiUKFh2loKZ5vp3sxtRuDSAN+M=
-20,-9,EOJL1ND/ybWt1N3bc9NUfZ/qZgo=,7ahdlXancA2cd9L3EgSfMr5u9bs=
-21,-9,EOJL1ND/ybWt1N3bc9NUfZ/qZgo=,7ahdlXancA2cd9L3EgSfMr5u9bs=
-19,-4,EOJL1ND/ybWt1N3bc9NUfZ/qZgo=,9eiUKFh2loKZ5vp3sxtRuDSAN+M=
-17,-9,EOJL1ND/ybWt1N3bc9NUfZ/qZgo=,7ahdlXancA2cd9L3EgSfMr5u9bs=
-21,-8,EOJL1ND/ybWt1N3bc9NUfZ/qZgo=,9eiUKFh2loKZ5vp3sxtRuDSAN+M=
-17,-7,EOJL1ND/ybWt1N3bc9NUfZ/qZgo=,9eiUKFh2loKZ5vp3sxtRuDSAN+M=
-22,-9,EOJL1ND/ybWt1N3bc9NUfZ/qZgo=,7ahdlXancA2cd9L3EgSfMr5u9bs=
-25,-2,EOJL1ND/ybWt1N3bc9NUfZ/qZgo=,X5o3ZbFS6ZpfEpWFuscUSl5YfCI=
-20,-3,EOJL1ND/ybWt1N3bc9NUfZ/qZgo=,9eiUKFh2loKZ5vp3sxtRuDSAN+M=
-24,-8,EOJL1ND/ybWt1N3bc9NUfZ/qZgo=,9eiUKFh2loKZ5vp3sxtRuDSAN+M=
-19,-3,EOJL1ND/ybWt1N3bc9NUfZ/qZgo=,9eiUKFh2loKZ5vp3sxtRuDSAN+M=
-18,-3,EOJL1ND/ybWt1N3bc9NUfZ/qZgo=,9eiUKFh2loKZ5vp3sxtRuDSAN+M=
-19,-9,EOJL1ND/ybWt1N3bc9NUfZ/qZgo=,7ahdlXancA2cd9L3EgSfMr5u9bs=
-20,-4,EOJL1ND/ybWt1N3bc9NUfZ/qZgo=,9eiUKFh2loKZ5vp3sxtRuDSAN+M=
-25,-6,EOJL1ND/ybWt1N3bc9NUfZ/qZgo=,X5o3ZbFS6ZpfEpWFuscUSl5YfCI=
-23,-9,EOJL1ND/ybWt1N3bc9NUfZ/qZgo=,7ahdlXancA2cd9L3EgSfMr5u9bs=
-21,-5,EOJL1ND/ybWt1N3bc9NUfZ/qZgo=,9eiUKFh2loKZ5vp3sxtRuDSAN+M=
-25,-5,EOJL1ND/ybWt1N3bc9NUfZ/qZgo=,X5o3ZbFS6ZpfEpWFuscUSl5YfCI=
-17,-3,EOJL1ND/ybWt1N3bc9NUfZ/qZgo=,9eiUKFh2loKZ5vp3sxtRuDSAN+M=
-25,-4,EOJL1ND/ybWt1N3bc9NUfZ/qZgo=,X5o3ZbFS6ZpfEpWFuscUSl5YfCI=
-24,-2,EOJL1ND/ybWt1N3bc9NUfZ/qZgo=,9eiUKFh2loKZ5vp3sxtRuDSAN+M=
-23,-2,EOJL1ND/ybWt1N3bc9NUfZ/qZgo=,9eiUKFh2loKZ5vp3sxtRuDSAN+M=
-23,-7,EOJL1ND/ybWt1N3bc9NUfZ/qZgo=,9eiUKFh2loKZ5vp3sxtRuDSAN+M=
-21,-4,EOJL1ND/ybWt1N3bc9NUfZ/qZgo=,9eiUKFh2loKZ5vp3sxtRuDSAN+M=
-18,-7,EOJL1ND/ybWt1N3bc9NUfZ/qZgo=,9eiUKFh2loKZ5vp3sxtRuDSAN+M=
-18,-4,EOJL1ND/ybWt1N3bc9NUfZ/qZgo=,9eiUKFh2loKZ5vp3sxtRuDSAN+M=
-19,-7,EOJL1ND/ybWt1N3bc9NUfZ/qZgo=,9eiUKFh2loKZ5vp3sxtRuDSAN+M=
-17,-4,EOJL1ND/ybWt1N3bc9NUfZ/qZgo=,9eiUKFh2loKZ5vp3sxtRuDSAN+M=
-22,-4,EOJL1ND/ybWt1N3bc9NUfZ/qZgo=,9eiUKFh2loKZ5vp3sxtRuDSAN+M=
-24,-9,EOJL1ND/ybWt1N3bc9NUfZ/qZgo=,7ahdlXancA2cd9L3EgSfMr5u9bs=
-25,-3,EOJL1ND/ybWt1N3bc9NUfZ/qZgo=,X5o3ZbFS6ZpfEpWFuscUSl5YfCI=
-25,-8,EOJL1ND/ybWt1N3bc9NUfZ/qZgo=,X5o3ZbFS6ZpfEpWFuscUSl5YfCI=
-17,-1,EOJL1ND/ybWt1N3bc9NUfZ/qZgo=,9eiUKFh2loKZ5vp3sxtRuDSAN+M=
-21,-7,EOJL1ND/ybWt1N3bc9NUfZ/qZgo=,9eiUKFh2loKZ5vp3sxtRuDSAN+M=
-18,-1,EOJL1ND/ybWt1N3bc9NUfZ/qZgo=,9eiUKFh2loKZ5vp3sxtRuDSAN+M=
-19,-1,EOJL1ND/ybWt1N3bc9NUfZ/qZgo=,9eiUKFh2loKZ5vp3sxtRuDSAN+M=
-20,-1,EOJL1ND/ybWt1N3bc9NUfZ/qZgo=,9eiUKFh2loKZ5vp3sxtRuDSAN+M=
-21,-1,EOJL1ND/ybWt1N3bc9NUfZ/qZgo=,9eiUKFh2loKZ5vp3sxtRuDSAN+M=
-18,-5,EOJL1ND/ybWt1N3bc9NUfZ/qZgo=,9eiUKFh2loKZ5vp3sxtRuDSAN+M=
-24,-3,EOJL1ND/ybWt1N3bc9NUfZ/qZgo=,9eiUKFh2loKZ5vp3sxtRuDSAN+M=
-18,-8,EOJL1ND/ybWt1N3bc9NUfZ/qZgo=,9eiUKFh2loKZ5vp3sxtRuDSAN+M=
-20,-8,EOJL1ND/ybWt1N3bc9NUfZ/qZgo=,9eiUKFh2loKZ5vp3sxtRuDSAN+M=
-19,-8,EOJL1ND/ybWt1N3bc9NUfZ/qZgo=,9eiUKFh2loKZ5vp3sxtRuDSAN+M=
-20,-5,EOJL1ND/ybWt1N3bc9NUfZ/qZgo=,9eiUKFh2loKZ5vp3sxtRuDSAN+M=
-19,-5,EOJL1ND/ybWt1N3bc9NUfZ/qZgo=,9eiUKFh2loKZ5vp3sxtRuDSAN+M=
-22,-1,EOJL1ND/ybWt1N3bc9NUfZ/qZgo=,9eiUKFh2loKZ5vp3sxtRuDSAN+M=
-17,-8,EOJL1ND/ybWt1N3bc9NUfZ/qZgo=,9eiUKFh2loKZ5vp3sxtRuDSAN+M=
-23,-1,EOJL1ND/ybWt1N3bc9NUfZ/qZgo=,9eiUKFh2loKZ5vp3sxtRuDSAN+M=
-17,-6,EOJL1ND/ybWt1N3bc9NUfZ/qZgo=,9eiUKFh2loKZ5vp3sxtRuDSAN+M=
-25,-7,EOJL1ND/ybWt1N3bc9NUfZ/qZgo=,X5o3ZbFS6ZpfEpWFuscUSl5YfCI=
-18,-6,EOJL1ND/ybWt1N3bc9NUfZ/qZgo=,9eiUKFh2loKZ5vp3sxtRuDSAN+M=
-24,-1,EOJL1ND/ybWt1N3bc9NUfZ/qZgo=,9eiUKFh2loKZ5vp3sxtRuDSAN+M=
-17,-2,EOJL1ND/ybWt1N3bc9NUfZ/qZgo=,9eiUKFh2loKZ5vp3sxtRuDSAN+M=
-22,-7,EOJL1ND/ybWt1N3bc9NUfZ/qZgo=,9eiUKFh2loKZ5vp3sxtRuDSAN+M=
-24,-7,EOJL1ND/ybWt1N3bc9NUfZ/qZgo=,9eiUKFh2loKZ5vp3sxtRuDSAN+M=
-18,-2,EOJL1ND/ybWt1N3bc9NUfZ/qZgo=,9eiUKFh2loKZ5vp3sxtRuDSAN+M=
-19,-2,EOJL1ND/ybWt1N3bc9NUfZ/qZgo=,9eiUKFh2loKZ5vp3sxtRuDSAN+M=
-20,-2,EOJL1ND/ybWt1N3bc9NUfZ/qZgo=,9eiUKFh2loKZ5vp3sxtRuDSAN+M=
-19,-6,EOJL1ND/ybWt1N3bc9NUfZ/qZgo=,9eiUKFh2loKZ5vp3sxtRuDSAN+M=
-21,-2,EOJL1ND/ybWt1N3bc9NUfZ/qZgo=,9eiUKFh2loKZ5vp3sxtRuDSAN+M=
-23,-4,EOJL1ND/ybWt1N3bc9NUfZ/qZgo=,9eiUKFh2loKZ5vp3sxtRuDSAN+M=
-22,-2,EOJL1ND/ybWt1N3bc9NUfZ/qZgo=,9eiUKFh2loKZ5vp3sxtRuDSAN+M=
-24,-4,EOJL1ND/ybWt1N3bc9NUfZ/qZgo=,9eiUKFh2loKZ5vp3sxtRuDSAN+M=
-22,-8,EOJL1ND/ybWt1N3bc9NUfZ/qZgo=,9eiUKFh2loKZ5vp3sxtRuDSAN+M=
-20,-7,EOJL1ND/ybWt1N3bc9NUfZ/qZgo=,9eiUKFh2loKZ5vp3sxtRuDSAN+M=
-21,-6,EOJL1ND/ybWt1N3bc9NUfZ/qZgo=,9eiUKFh2loKZ5vp3sxtRuDSAN+M=
-25,-9,EOJL1ND/ybWt1N3bc9NUfZ/qZgo=,9PPApbq6HJaaSnBa86vuNTg9OdI=
-24,-6,EOJL1ND/ybWt1N3bc9NUfZ/qZgo=,9eiUKFh2loKZ5vp3sxtRuDSAN+M=
-20,-6,EOJL1ND/ybWt1N3bc9NUfZ/qZgo=,9eiUKFh2loKZ5vp3sxtRuDSAN+M=
-22,-6,EOJL1ND/ybWt1N3bc9NUfZ/qZgo=,9eiUKFh2loKZ5vp3sxtRuDSAN+M=
-23,-8,EOJL1ND/ybWt1N3bc9NUfZ/qZgo=,9eiUKFh2loKZ5vp3sxtRuDSAN+M=
-17,-5,EOJL1ND/ybWt1N3bc9NUfZ/qZgo=,9eiUKFh2loKZ5vp3sxtRuDSAN+M=
-23,-6,EOJL1ND/ybWt1N3bc9NUfZ/qZgo=,9eiUKFh2loKZ5vp3sxtRuDSAN+M=
-10,-2,PNArlhefd4Lc+Pewz9twVJCOgTA=,N3bhlPAXv2oWlhNl2Uiey0hj6TI=
-12,-5,PNArlhefd4Lc+Pewz9twVJCOgTA=,N3bhlPAXv2oWlhNl2Uiey0hj6TI=
-11,-2,PNArlhefd4Lc+Pewz9twVJCOgTA=,N3bhlPAXv2oWlhNl2Uiey0hj6TI=
-13,-2,z+FcDgkTzEpGZyYWz7jF26L39YI=,N3bhlPAXv2oWlhNl2Uiey0hj6TI=
-12,-2,PNArlhefd4Lc+Pewz9twVJCOgTA=,N3bhlPAXv2oWlhNl2Uiey0hj6TI=
-14,-2,PNArlhefd4Lc+Pewz9twVJCOgTA=,N3bhlPAXv2oWlhNl2Uiey0hj6TI=
-15,-2,PNArlhefd4Lc+Pewz9twVJCOgTA=,N3bhlPAXv2oWlhNl2Uiey0hj6TI=
-13,-5,PNArlhefd4Lc+Pewz9twVJCOgTA=,N3bhlPAXv2oWlhNl2Uiey0hj6TI=
-10,-3,z+FcDgkTzEpGZyYWz7jF26L39YI=,N3bhlPAXv2oWlhNl2Uiey0hj6TI=
-11,-3,z+FcDgkTzEpGZyYWz7jF26L39YI=,N3bhlPAXv2oWlhNl2Uiey0hj6TI=
-12,-3,z+FcDgkTzEpGZyYWz7jF26L39YI=,N3bhlPAXv2oWlhNl2Uiey0hj6TI=
-11,-7,PNArlhefd4Lc+Pewz9twVJCOgTA=,N3bhlPAXv2oWlhNl2Uiey0hj6TI=
-13,-3,z+FcDgkTzEpGZyYWz7jF26L39YI=,N3bhlPAXv2oWlhNl2Uiey0hj6TI=
-12,-7,z+FcDgkTzEpGZyYWz7jF26L39YI=,N3bhlPAXv2oWlhNl2Uiey0hj6TI=
-14,-6,PNArlhefd4Lc+Pewz9twVJCOgTA=,N3bhlPAXv2oWlhNl2Uiey0hj6TI=
-14,-3,z+FcDgkTzEpGZyYWz7jF26L39YI=,N3bhlPAXv2oWlhNl2Uiey0hj6TI=
-11,-6,PNArlhefd4Lc+Pewz9twVJCOgTA=,N3bhlPAXv2oWlhNl2Uiey0hj6TI=
-15,-5,PNArlhefd4Lc+Pewz9twVJCOgTA=,N3bhlPAXv2oWlhNl2Uiey0hj6TI=
-13,-7,z+FcDgkTzEpGZyYWz7jF26L39YI=,N3bhlPAXv2oWlhNl2Uiey0hj6TI=
-10,-4,z+FcDgkTzEpGZyYWz7jF26L39YI=,N3bhlPAXv2oWlhNl2Uiey0hj6TI=
-12,-6,PNArlhefd4Lc+Pewz9twVJCOgTA=,N3bhlPAXv2oWlhNl2Uiey0hj6TI=
-10,-6,PNArlhefd4Lc+Pewz9twVJCOgTA=,N3bhlPAXv2oWlhNl2Uiey0hj6TI=
-14,-7,z+FcDgkTzEpGZyYWz7jF26L39YI=,N3bhlPAXv2oWlhNl2Uiey0hj6TI=
-13,-6,PNArlhefd4Lc+Pewz9twVJCOgTA=,N3bhlPAXv2oWlhNl2Uiey0hj6TI=
-15,-7,z+FcDgkTzEpGZyYWz7jF26L39YI=,N3bhlPAXv2oWlhNl2Uiey0hj6TI=
-15,-4,z+FcDgkTzEpGZyYWz7jF26L39YI=,N3bhlPAXv2oWlhNl2Uiey0hj6TI=
-14,-5,PNArlhefd4Lc+Pewz9twVJCOgTA=,N3bhlPAXv2oWlhNl2Uiey0hj6TI=
-10,-7,PNArlhefd4Lc+Pewz9twVJCOgTA=,N3bhlPAXv2oWlhNl2Uiey0hj6TI=
-11,-4,z+FcDgkTzEpGZyYWz7jF26L39YI=,N3bhlPAXv2oWlhNl2Uiey0hj6TI=
-15,-6,PNArlhefd4Lc+Pewz9twVJCOgTA=,N3bhlPAXv2oWlhNl2Uiey0hj6TI=
-15,-3,z+FcDgkTzEpGZyYWz7jF26L39YI=,N3bhlPAXv2oWlhNl2Uiey0hj6TI=
-12,-4,z+FcDgkTzEpGZyYWz7jF26L39YI=,N3bhlPAXv2oWlhNl2Uiey0hj6TI=
-13,-4,z+FcDgkTzEpGZyYWz7jF26L39YI=,N3bhlPAXv2oWlhNl2Uiey0hj6TI=
-14,-4,z+FcDgkTzEpGZyYWz7jF26L39YI=,N3bhlPAXv2oWlhNl2Uiey0hj6TI=
-11,-5,z+FcDgkTzEpGZyYWz7jF26L39YI=,N3bhlPAXv2oWlhNl2Uiey0hj6TI=
-10,-5,z+FcDgkTzEpGZyYWz7jF26L39YI=,N3bhlPAXv2oWlhNl2Uiey0hj6TI=
-15,-1,z+FcDgkTzEpGZyYWz7jF26L39YI=,N3bhlPAXv2oWlhNl2Uiey0hj6TI=
-14,-1,z+FcDgkTzEpGZyYWz7jF26L39YI=,N3bhlPAXv2oWlhNl2Uiey0hj6TI=
-13,-1,z+FcDgkTzEpGZyYWz7jF26L39YI=,N3bhlPAXv2oWlhNl2Uiey0hj6TI=
-12,-1,z+FcDgkTzEpGZyYWz7jF26L39YI=,N3bhlPAXv2oWlhNl2Uiey0hj6TI=
-11,-1,z+FcDgkTzEpGZyYWz7jF26L39YI=,N3bhlPAXv2oWlhNl2Uiey0hj6TI=
-10,-1,z+FcDgkTzEpGZyYWz7jF26L39YI=,N3bhlPAXv2oWlhNl2Uiey0hj6TI=
-16,-4,z+FcDgkTzEpGZyYWz7jF26L39YI=,N3bhlPAXv2oWlhNl2Uiey0hj6TI=
-16,-3,z+FcDgkTzEpGZyYWz7jF26L39YI=,N3bhlPAXv2oWlhNl2Uiey0hj6TI=
-16,-7,z+FcDgkTzEpGZyYWz7jF26L39YI=,N3bhlPAXv2oWlhNl2Uiey0hj6TI=
-16,-2,z+FcDgkTzEpGZyYWz7jF26L39YI=,N3bhlPAXv2oWlhNl2Uiey0hj6TI=
-16,-6,z+FcDgkTzEpGZyYWz7jF26L39YI=,N3bhlPAXv2oWlhNl2Uiey0hj6TI=
-16,-5,z+FcDgkTzEpGZyYWz7jF26L39YI=,N3bhlPAXv2oWlhNl2Uiey0hj6TI=
-16,-1,z+FcDgkTzEpGZyYWz7jF26L39YI=,N3bhlPAXv2oWlhNl2Uiey0hj6TI=
-13,-11,z+FcDgkTzEpGZyYWz7jF26L39YI=,/yypp670erC3yeo/5O6r1Piv8iI=
-14,-11,z+FcDgkTzEpGZyYWz7jF26L39YI=,/yypp670erC3yeo/5O6r1Piv8iI=
-15,-11,z+FcDgkTzEpGZyYWz7jF26L39YI=,/yypp670erC3yeo/5O6r1Piv8iI=
-16,-11,z+FcDgkTzEpGZyYWz7jF26L39YI=,/yypp670erC3yeo/5O6r1Piv8iI=
-12,-12,z+FcDgkTzEpGZyYWz7jF26L39YI=,/yypp670erC3yeo/5O6r1Piv8iI=
-13,-12,z+FcDgkTzEpGZyYWz7jF26L39YI=,/yypp670erC3yeo/5O6r1Piv8iI=
-14,-12,z+FcDgkTzEpGZyYWz7jF26L39YI=,/yypp670erC3yeo/5O6r1Piv8iI=
-15,-12,z+FcDgkTzEpGZyYWz7jF26L39YI=,/yypp670erC3yeo/5O6r1Piv8iI=
-16,-12,z+FcDgkTzEpGZyYWz7jF26L39YI=,/yypp670erC3yeo/5O6r1Piv8iI=
-12,-13,z+FcDgkTzEpGZyYWz7jF26L39YI=,/yypp670erC3yeo/5O6r1Piv8iI=
-11,-12,z+FcDgkTzEpGZyYWz7jF26L39YI=,/yypp670erC3yeo/5O6r1Piv8iI=
-15,-13,z+FcDgkTzEpGZyYWz7jF26L39YI=,/yypp670erC3yeo/5O6r1Piv8iI=
-14,-13,z+FcDgkTzEpGZyYWz7jF26L39YI=,/yypp670erC3yeo/5O6r1Piv8iI=
-10,-12,z+FcDgkTzEpGZyYWz7jF26L39YI=,/yypp670erC3yeo/5O6r1Piv8iI=
-16,-13,z+FcDgkTzEpGZyYWz7jF26L39YI=,/yypp670erC3yeo/5O6r1Piv8iI=
-13,-13,z+FcDgkTzEpGZyYWz7jF26L39YI=,/yypp670erC3yeo/5O6r1Piv8iI=
-16,-16,z+FcDgkTzEpGZyYWz7jF26L39YI=,/yypp670erC3yeo/5O6r1Piv8iI=
-11,-13,z+FcDgkTzEpGZyYWz7jF26L39YI=,/yypp670erC3yeo/5O6r1Piv8iI=
-10,-13,z+FcDgkTzEpGZyYWz7jF26L39YI=,/yypp670erC3yeo/5O6r1Piv8iI=
-11,-14,z+FcDgkTzEpGZyYWz7jF26L39YI=,/yypp670erC3yeo/5O6r1Piv8iI=
-10,-14,z+FcDgkTzEpGZyYWz7jF26L39YI=,/yypp670erC3yeo/5O6r1Piv8iI=
-15,-16,z+FcDgkTzEpGZyYWz7jF26L39YI=,/yypp670erC3yeo/5O6r1Piv8iI=
-12,-14,z+FcDgkTzEpGZyYWz7jF26L39YI=,/yypp670erC3yeo/5O6r1Piv8iI=
-13,-14,z+FcDgkTzEpGZyYWz7jF26L39YI=,/yypp670erC3yeo/5O6r1Piv8iI=
-12,-11,z+FcDgkTzEpGZyYWz7jF26L39YI=,/yypp670erC3yeo/5O6r1Piv8iI=
-14,-14,z+FcDgkTzEpGZyYWz7jF26L39YI=,/yypp670erC3yeo/5O6r1Piv8iI=
-11,-8,z+FcDgkTzEpGZyYWz7jF26L39YI=,N3bhlPAXv2oWlhNl2Uiey0hj6TI=
-15,-14,z+FcDgkTzEpGZyYWz7jF26L39YI=,/yypp670erC3yeo/5O6r1Piv8iI=
-11,-11,z+FcDgkTzEpGZyYWz7jF26L39YI=,/yypp670erC3yeo/5O6r1Piv8iI=
-10,-8,z+FcDgkTzEpGZyYWz7jF26L39YI=,N3bhlPAXv2oWlhNl2Uiey0hj6TI=
-12,-8,z+FcDgkTzEpGZyYWz7jF26L39YI=,N3bhlPAXv2oWlhNl2Uiey0hj6TI=
-14,-8,z+FcDgkTzEpGZyYWz7jF26L39YI=,N3bhlPAXv2oWlhNl2Uiey0hj6TI=
-13,-8,z+FcDgkTzEpGZyYWz7jF26L39YI=,N3bhlPAXv2oWlhNl2Uiey0hj6TI=
-15,-8,z+FcDgkTzEpGZyYWz7jF26L39YI=,N3bhlPAXv2oWlhNl2Uiey0hj6TI=
-12,-9,z+FcDgkTzEpGZyYWz7jF26L39YI=,/yypp670erC3yeo/5O6r1Piv8iI=
-11,-9,z+FcDgkTzEpGZyYWz7jF26L39YI=,/yypp670erC3yeo/5O6r1Piv8iI=
-13,-9,z+FcDgkTzEpGZyYWz7jF26L39YI=,/yypp670erC3yeo/5O6r1Piv8iI=
-16,-8,z+FcDgkTzEpGZyYWz7jF26L39YI=,N3bhlPAXv2oWlhNl2Uiey0hj6TI=
-14,-9,z+FcDgkTzEpGZyYWz7jF26L39YI=,/yypp670erC3yeo/5O6r1Piv8iI=
-14,-16,z+FcDgkTzEpGZyYWz7jF26L39YI=,/yypp670erC3yeo/5O6r1Piv8iI=
-10,-9,z+FcDgkTzEpGZyYWz7jF26L39YI=,/yypp670erC3yeo/5O6r1Piv8iI=
-15,-9,z+FcDgkTzEpGZyYWz7jF26L39YI=,/yypp670erC3yeo/5O6r1Piv8iI=
-16,-14,z+FcDgkTzEpGZyYWz7jF26L39YI=,/yypp670erC3yeo/5O6r1Piv8iI=
-10,-15,z+FcDgkTzEpGZyYWz7jF26L39YI=,/yypp670erC3yeo/5O6r1Piv8iI=
-12,-10,z+FcDgkTzEpGZyYWz7jF26L39YI=,/yypp670erC3yeo/5O6r1Piv8iI=
-16,-9,z+FcDgkTzEpGZyYWz7jF26L39YI=,/yypp670erC3yeo/5O6r1Piv8iI=
-13,-10,z+FcDgkTzEpGZyYWz7jF26L39YI=,/yypp670erC3yeo/5O6r1Piv8iI=
-14,-10,z+FcDgkTzEpGZyYWz7jF26L39YI=,/yypp670erC3yeo/5O6r1Piv8iI=
-13,-15,z+FcDgkTzEpGZyYWz7jF26L39YI=,/yypp670erC3yeo/5O6r1Piv8iI=
-15,-10,z+FcDgkTzEpGZyYWz7jF26L39YI=,/yypp670erC3yeo/5O6r1Piv8iI=
-11,-10,z+FcDgkTzEpGZyYWz7jF26L39YI=,/yypp670erC3yeo/5O6r1Piv8iI=
-16,-10,z+FcDgkTzEpGZyYWz7jF26L39YI=,/yypp670erC3yeo/5O6r1Piv8iI=
-11,-15,z+FcDgkTzEpGZyYWz7jF26L39YI=,/yypp670erC3yeo/5O6r1Piv8iI=
-12,-15,z+FcDgkTzEpGZyYWz7jF26L39YI=,/yypp670erC3yeo/5O6r1Piv8iI=
-13,-16,z+FcDgkTzEpGZyYWz7jF26L39YI=,/yypp670erC3yeo/5O6r1Piv8iI=
-14,-15,z+FcDgkTzEpGZyYWz7jF26L39YI=,/yypp670erC3yeo/5O6r1Piv8iI=
-16,-15,z+FcDgkTzEpGZyYWz7jF26L39YI=,/yypp670erC3yeo/5O6r1Piv8iI=
-10,-10,z+FcDgkTzEpGZyYWz7jF26L39YI=,/yypp670erC3yeo/5O6r1Piv8iI=
-15,-15,z+FcDgkTzEpGZyYWz7jF26L39YI=,/yypp670erC3yeo/5O6r1Piv8iI=
-12,-16,z+FcDgkTzEpGZyYWz7jF26L39YI=,/yypp670erC3yeo/5O6r1Piv8iI=
-10,-11,z+FcDgkTzEpGZyYWz7jF26L39YI=,/yypp670erC3yeo/5O6r1Piv8iI=
-10,-16,z+FcDgkTzEpGZyYWz7jF26L39YI=,/yypp670erC3yeo/5O6r1Piv8iI=
-11,-16,z+FcDgkTzEpGZyYWz7jF26L39YI=,/yypp670erC3yeo/5O6r1Piv8iI=
-3,-10,z+FcDgkTzEpGZyYWz7jF26L39YI=,fPoVwMa08kA4fa4fiw9xHuRsv38=
-9,-11,z+FcDgkTzEpGZyYWz7jF26L39YI=,/yypp670erC3yeo/5O6r1Piv8iI=
-1,-10,z+FcDgkTzEpGZyYWz7jF26L39YI=,fPoVwMa08kA4fa4fiw9xHuRsv38=
-9,-12,z+FcDgkTzEpGZyYWz7jF26L39YI=,/yypp670erC3yeo/5O6r1Piv8iI=
-2,-10,z+FcDgkTzEpGZyYWz7jF26L39YI=,fPoVwMa08kA4fa4fiw9xHuRsv38=
-1,-11,z+FcDgkTzEpGZyYWz7jF26L39YI=,fPoVwMa08kA4fa4fiw9xHuRsv38=
-4,-10,z+FcDgkTzEpGZyYWz7jF26L39YI=,fPoVwMa08kA4fa4fiw9xHuRsv38=
-7,-10,z+FcDgkTzEpGZyYWz7jF26L39YI=,fPoVwMa08kA4fa4fiw9xHuRsv38=
-5,-10,z+FcDgkTzEpGZyYWz7jF26L39YI=,fPoVwMa08kA4fa4fiw9xHuRsv38=
-6,-10,z+FcDgkTzEpGZyYWz7jF26L39YI=,fPoVwMa08kA4fa4fiw9xHuRsv38=
-8,-10,z+FcDgkTzEpGZyYWz7jF26L39YI=,fPoVwMa08kA4fa4fiw9xHuRsv38=
-2,-11,z+FcDgkTzEpGZyYWz7jF26L39YI=,fPoVwMa08kA4fa4fiw9xHuRsv38=
-3,-11,z+FcDgkTzEpGZyYWz7jF26L39YI=,fPoVwMa08kA4fa4fiw9xHuRsv38=
-2,-12,z+FcDgkTzEpGZyYWz7jF26L39YI=,fPoVwMa08kA4fa4fiw9xHuRsv38=
-9,-16,z+FcDgkTzEpGZyYWz7jF26L39YI=,/yypp670erC3yeo/5O6r1Piv8iI=
-4,-11,z+FcDgkTzEpGZyYWz7jF26L39YI=,fPoVwMa08kA4fa4fiw9xHuRsv38=
-1,-12,z+FcDgkTzEpGZyYWz7jF26L39YI=,fPoVwMa08kA4fa4fiw9xHuRsv38=
-8,-16,z+FcDgkTzEpGZyYWz7jF26L39YI=,fPoVwMa08kA4fa4fiw9xHuRsv38=
-5,-11,z+FcDgkTzEpGZyYWz7jF26L39YI=,fPoVwMa08kA4fa4fiw9xHuRsv38=
-9,-13,z+FcDgkTzEpGZyYWz7jF26L39YI=,/yypp670erC3yeo/5O6r1Piv8iI=
-6,-11,z+FcDgkTzEpGZyYWz7jF26L39YI=,fPoVwMa08kA4fa4fiw9xHuRsv38=
-7,-11,z+FcDgkTzEpGZyYWz7jF26L39YI=,fPoVwMa08kA4fa4fiw9xHuRsv38=
-8,-11,z+FcDgkTzEpGZyYWz7jF26L39YI=,fPoVwMa08kA4fa4fiw9xHuRsv38=
-9,-14,z+FcDgkTzEpGZyYWz7jF26L39YI=,/yypp670erC3yeo/5O6r1Piv8iI=
-7,-16,z+FcDgkTzEpGZyYWz7jF26L39YI=,fPoVwMa08kA4fa4fiw9xHuRsv38=
-3,-12,z+FcDgkTzEpGZyYWz7jF26L39YI=,fPoVwMa08kA4fa4fiw9xHuRsv38=
-2,-13,z+FcDgkTzEpGZyYWz7jF26L39YI=,fPoVwMa08kA4fa4fiw9xHuRsv38=
-5,-12,z+FcDgkTzEpGZyYWz7jF26L39YI=,fPoVwMa08kA4fa4fiw9xHuRsv38=
-4,-12,z+FcDgkTzEpGZyYWz7jF26L39YI=,fPoVwMa08kA4fa4fiw9xHuRsv38=
-6,-12,z+FcDgkTzEpGZyYWz7jF26L39YI=,fPoVwMa08kA4fa4fiw9xHuRsv38=
-1,-13,z+FcDgkTzEpGZyYWz7jF26L39YI=,fPoVwMa08kA4fa4fiw9xHuRsv38=
-7,-12,z+FcDgkTzEpGZyYWz7jF26L39YI=,fPoVwMa08kA4fa4fiw9xHuRsv38=
-8,-12,z+FcDgkTzEpGZyYWz7jF26L39YI=,fPoVwMa08kA4fa4fiw9xHuRsv38=
-2,-14,z+FcDgkTzEpGZyYWz7jF26L39YI=,fPoVwMa08kA4fa4fiw9xHuRsv38=
-6,-16,z+FcDgkTzEpGZyYWz7jF26L39YI=,fPoVwMa08kA4fa4fiw9xHuRsv38=
-3,-13,z+FcDgkTzEpGZyYWz7jF26L39YI=,fPoVwMa08kA4fa4fiw9xHuRsv38=
-4,-13,z+FcDgkTzEpGZyYWz7jF26L39YI=,fPoVwMa08kA4fa4fiw9xHuRsv38=
-5,-13,z+FcDgkTzEpGZyYWz7jF26L39YI=,fPoVwMa08kA4fa4fiw9xHuRsv38=
-6,-13,z+FcDgkTzEpGZyYWz7jF26L39YI=,fPoVwMa08kA4fa4fiw9xHuRsv38=
-3,-14,z+FcDgkTzEpGZyYWz7jF26L39YI=,fPoVwMa08kA4fa4fiw9xHuRsv38=
-1,-15,z+FcDgkTzEpGZyYWz7jF26L39YI=,fPoVwMa08kA4fa4fiw9xHuRsv38=
-7,-13,z+FcDgkTzEpGZyYWz7jF26L39YI=,fPoVwMa08kA4fa4fiw9xHuRsv38=
-2,-15,z+FcDgkTzEpGZyYWz7jF26L39YI=,fPoVwMa08kA4fa4fiw9xHuRsv38=
-8,-13,z+FcDgkTzEpGZyYWz7jF26L39YI=,fPoVwMa08kA4fa4fiw9xHuRsv38=
-3,-15,z+FcDgkTzEpGZyYWz7jF26L39YI=,fPoVwMa08kA4fa4fiw9xHuRsv38=
-1,-14,z+FcDgkTzEpGZyYWz7jF26L39YI=,fPoVwMa08kA4fa4fiw9xHuRsv38=
-7,-14,z+FcDgkTzEpGZyYWz7jF26L39YI=,fPoVwMa08kA4fa4fiw9xHuRsv38=
-4,-14,z+FcDgkTzEpGZyYWz7jF26L39YI=,fPoVwMa08kA4fa4fiw9xHuRsv38=
-5,-14,z+FcDgkTzEpGZyYWz7jF26L39YI=,fPoVwMa08kA4fa4fiw9xHuRsv38=
-2,-16,z+FcDgkTzEpGZyYWz7jF26L39YI=,fPoVwMa08kA4fa4fiw9xHuRsv38=
-1,-16,z+FcDgkTzEpGZyYWz7jF26L39YI=,fPoVwMa08kA4fa4fiw9xHuRsv38=
-5,-16,z+FcDgkTzEpGZyYWz7jF26L39YI=,fPoVwMa08kA4fa4fiw9xHuRsv38=
-3,-16,z+FcDgkTzEpGZyYWz7jF26L39YI=,fPoVwMa08kA4fa4fiw9xHuRsv38=
-6,-14,z+FcDgkTzEpGZyYWz7jF26L39YI=,fPoVwMa08kA4fa4fiw9xHuRsv38=
-8,-14,z+FcDgkTzEpGZyYWz7jF26L39YI=,fPoVwMa08kA4fa4fiw9xHuRsv38=
-4,-15,z+FcDgkTzEpGZyYWz7jF26L39YI=,fPoVwMa08kA4fa4fiw9xHuRsv38=
-8,-15,z+FcDgkTzEpGZyYWz7jF26L39YI=,fPoVwMa08kA4fa4fiw9xHuRsv38=
-5,-15,z+FcDgkTzEpGZyYWz7jF26L39YI=,fPoVwMa08kA4fa4fiw9xHuRsv38=
-6,-15,z+FcDgkTzEpGZyYWz7jF26L39YI=,fPoVwMa08kA4fa4fiw9xHuRsv38=
-4,-16,z+FcDgkTzEpGZyYWz7jF26L39YI=,fPoVwMa08kA4fa4fiw9xHuRsv38=
-7,-15,z+FcDgkTzEpGZyYWz7jF26L39YI=,fPoVwMa08kA4fa4fiw9xHuRsv38=
-9,-15,z+FcDgkTzEpGZyYWz7jF26L39YI=,/yypp670erC3yeo/5O6r1Piv8iI=
-9,-10,z+FcDgkTzEpGZyYWz7jF26L39YI=,/yypp670erC3yeo/5O6r1Piv8iI=
-9,-1,z+FcDgkTzEpGZyYWz7jF26L39YI=,N3bhlPAXv2oWlhNl2Uiey0hj6TI=
-1,-1,z+FcDgkTzEpGZyYWz7jF26L39YI=,CMV5Yo50ryJIysP2KwLc37xBZxI=
-5,-9,z+FcDgkTzEpGZyYWz7jF26L39YI=,fPoVwMa08kA4fa4fiw9xHuRsv38=
-4,-9,z+FcDgkTzEpGZyYWz7jF26L39YI=,fPoVwMa08kA4fa4fiw9xHuRsv38=
-7,-9,z+FcDgkTzEpGZyYWz7jF26L39YI=,fPoVwMa08kA4fa4fiw9xHuRsv38=
-6,-9,z+FcDgkTzEpGZyYWz7jF26L39YI=,fPoVwMa08kA4fa4fiw9xHuRsv38=
-8,-9,z+FcDgkTzEpGZyYWz7jF26L39YI=,fPoVwMa08kA4fa4fiw9xHuRsv38=
-3,-1,z+FcDgkTzEpGZyYWz7jF26L39YI=,CMV5Yo50ryJIysP2KwLc37xBZxI=
-2,-1,z+FcDgkTzEpGZyYWz7jF26L39YI=,CMV5Yo50ryJIysP2KwLc37xBZxI=
-4,-1,z+FcDgkTzEpGZyYWz7jF26L39YI=,CMV5Yo50ryJIysP2KwLc37xBZxI=
-3,-9,z+FcDgkTzEpGZyYWz7jF26L39YI=,fPoVwMa08kA4fa4fiw9xHuRsv38=
-5,-5,z+FcDgkTzEpGZyYWz7jF26L39YI=,CMV5Yo50ryJIysP2KwLc37xBZxI=
-3,-6,z+FcDgkTzEpGZyYWz7jF26L39YI=,CMV5Yo50ryJIysP2KwLc37xBZxI=
-6,-1,z+FcDgkTzEpGZyYWz7jF26L39YI=,CMV5Yo50ryJIysP2KwLc37xBZxI=
-1,-7,z+FcDgkTzEpGZyYWz7jF26L39YI=,CMV5Yo50ryJIysP2KwLc37xBZxI=
-7,-1,z+FcDgkTzEpGZyYWz7jF26L39YI=,CMV5Yo50ryJIysP2KwLc37xBZxI=
-6,-5,z+FcDgkTzEpGZyYWz7jF26L39YI=,CMV5Yo50ryJIysP2KwLc37xBZxI=
-2,-9,z+FcDgkTzEpGZyYWz7jF26L39YI=,fPoVwMa08kA4fa4fiw9xHuRsv38=
-5,-1,z+FcDgkTzEpGZyYWz7jF26L39YI=,CMV5Yo50ryJIysP2KwLc37xBZxI=
-9,-6,z+FcDgkTzEpGZyYWz7jF26L39YI=,N3bhlPAXv2oWlhNl2Uiey0hj6TI=
-8,-1,z+FcDgkTzEpGZyYWz7jF26L39YI=,CMV5Yo50ryJIysP2KwLc37xBZxI=
-2,-7,z+FcDgkTzEpGZyYWz7jF26L39YI=,CMV5Yo50ryJIysP2KwLc37xBZxI=
-1,-2,z+FcDgkTzEpGZyYWz7jF26L39YI=,CMV5Yo50ryJIysP2KwLc37xBZxI=
-4,-5,z+FcDgkTzEpGZyYWz7jF26L39YI=,CMV5Yo50ryJIysP2KwLc37xBZxI=
-3,-7,z+FcDgkTzEpGZyYWz7jF26L39YI=,CMV5Yo50ryJIysP2KwLc37xBZxI=
-5,-8,z+FcDgkTzEpGZyYWz7jF26L39YI=,CMV5Yo50ryJIysP2KwLc37xBZxI=
-7,-5,z+FcDgkTzEpGZyYWz7jF26L39YI=,CMV5Yo50ryJIysP2KwLc37xBZxI=
-9,-2,z+FcDgkTzEpGZyYWz7jF26L39YI=,N3bhlPAXv2oWlhNl2Uiey0hj6TI=
-7,-7,z+FcDgkTzEpGZyYWz7jF26L39YI=,CMV5Yo50ryJIysP2KwLc37xBZxI=
-8,-2,z+FcDgkTzEpGZyYWz7jF26L39YI=,CMV5Yo50ryJIysP2KwLc37xBZxI=
-7,-2,z+FcDgkTzEpGZyYWz7jF26L39YI=,CMV5Yo50ryJIysP2KwLc37xBZxI=
-1,-3,z+FcDgkTzEpGZyYWz7jF26L39YI=,CMV5Yo50ryJIysP2KwLc37xBZxI=
-3,-2,z+FcDgkTzEpGZyYWz7jF26L39YI=,CMV5Yo50ryJIysP2KwLc37xBZxI=
-4,-2,z+FcDgkTzEpGZyYWz7jF26L39YI=,CMV5Yo50ryJIysP2KwLc37xBZxI=
-8,-5,z+FcDgkTzEpGZyYWz7jF26L39YI=,CMV5Yo50ryJIysP2KwLc37xBZxI=
-9,-3,z+FcDgkTzEpGZyYWz7jF26L39YI=,N3bhlPAXv2oWlhNl2Uiey0hj6TI=
-6,-2,z+FcDgkTzEpGZyYWz7jF26L39YI=,CMV5Yo50ryJIysP2KwLc37xBZxI=
-5,-2,z+FcDgkTzEpGZyYWz7jF26L39YI=,CMV5Yo50ryJIysP2KwLc37xBZxI=
-9,-7,z+FcDgkTzEpGZyYWz7jF26L39YI=,N3bhlPAXv2oWlhNl2Uiey0hj6TI=
-4,-6,z+FcDgkTzEpGZyYWz7jF26L39YI=,CMV5Yo50ryJIysP2KwLc37xBZxI=
-9,-4,z+FcDgkTzEpGZyYWz7jF26L39YI=,N3bhlPAXv2oWlhNl2Uiey0hj6TI=
-5,-6,z+FcDgkTzEpGZyYWz7jF26L39YI=,CMV5Yo50ryJIysP2KwLc37xBZxI=
-6,-6,z+FcDgkTzEpGZyYWz7jF26L39YI=,CMV5Yo50ryJIysP2KwLc37xBZxI=
-1,-6,z+FcDgkTzEpGZyYWz7jF26L39YI=,CMV5Yo50ryJIysP2KwLc37xBZxI=
-3,-3,z+FcDgkTzEpGZyYWz7jF26L39YI=,CMV5Yo50ryJIysP2KwLc37xBZxI=
-2,-3,z+FcDgkTzEpGZyYWz7jF26L39YI=,CMV5Yo50ryJIysP2KwLc37xBZxI=
-6,-8,z+FcDgkTzEpGZyYWz7jF26L39YI=,CMV5Yo50ryJIysP2KwLc37xBZxI=
-9,-8,z+FcDgkTzEpGZyYWz7jF26L39YI=,N3bhlPAXv2oWlhNl2Uiey0hj6TI=
-6,-3,z+FcDgkTzEpGZyYWz7jF26L39YI=,CMV5Yo50ryJIysP2KwLc37xBZxI=
-4,-3,z+FcDgkTzEpGZyYWz7jF26L39YI=,CMV5Yo50ryJIysP2KwLc37xBZxI=
-5,-3,z+FcDgkTzEpGZyYWz7jF26L39YI=,CMV5Yo50ryJIysP2KwLc37xBZxI=
-7,-3,z+FcDgkTzEpGZyYWz7jF26L39YI=,CMV5Yo50ryJIysP2KwLc37xBZxI=
-8,-7,z+FcDgkTzEpGZyYWz7jF26L39YI=,CMV5Yo50ryJIysP2KwLc37xBZxI=
-8,-3,z+FcDgkTzEpGZyYWz7jF26L39YI=,CMV5Yo50ryJIysP2KwLc37xBZxI=
-9,-9,z+FcDgkTzEpGZyYWz7jF26L39YI=,/yypp670erC3yeo/5O6r1Piv8iI=
-2,-8,z+FcDgkTzEpGZyYWz7jF26L39YI=,CMV5Yo50ryJIysP2KwLc37xBZxI=
-1,-8,z+FcDgkTzEpGZyYWz7jF26L39YI=,CMV5Yo50ryJIysP2KwLc37xBZxI=
-1,-4,z+FcDgkTzEpGZyYWz7jF26L39YI=,CMV5Yo50ryJIysP2KwLc37xBZxI=
-3,-8,z+FcDgkTzEpGZyYWz7jF26L39YI=,CMV5Yo50ryJIysP2KwLc37xBZxI=
-4,-8,z+FcDgkTzEpGZyYWz7jF26L39YI=,CMV5Yo50ryJIysP2KwLc37xBZxI=
-8,-4,z+FcDgkTzEpGZyYWz7jF26L39YI=,CMV5Yo50ryJIysP2KwLc37xBZxI=
-2,-6,z+FcDgkTzEpGZyYWz7jF26L39YI=,CMV5Yo50ryJIysP2KwLc37xBZxI=
-2,-4,z+FcDgkTzEpGZyYWz7jF26L39YI=,CMV5Yo50ryJIysP2KwLc37xBZxI=
-7,-6,z+FcDgkTzEpGZyYWz7jF26L39YI=,CMV5Yo50ryJIysP2KwLc37xBZxI=
-3,-4,z+FcDgkTzEpGZyYWz7jF26L39YI=,CMV5Yo50ryJIysP2KwLc37xBZxI=
-4,-4,z+FcDgkTzEpGZyYWz7jF26L39YI=,CMV5Yo50ryJIysP2KwLc37xBZxI=
-5,-4,z+FcDgkTzEpGZyYWz7jF26L39YI=,CMV5Yo50ryJIysP2KwLc37xBZxI=
-7,-4,z+FcDgkTzEpGZyYWz7jF26L39YI=,CMV5Yo50ryJIysP2KwLc37xBZxI=
-9,-5,z+FcDgkTzEpGZyYWz7jF26L39YI=,N3bhlPAXv2oWlhNl2Uiey0hj6TI=
-1,-9,z+FcDgkTzEpGZyYWz7jF26L39YI=,fPoVwMa08kA4fa4fiw9xHuRsv38=
-2,-5,z+FcDgkTzEpGZyYWz7jF26L39YI=,CMV5Yo50ryJIysP2KwLc37xBZxI=
-6,-4,z+FcDgkTzEpGZyYWz7jF26L39YI=,CMV5Yo50ryJIysP2KwLc37xBZxI=
-7,-8,z+FcDgkTzEpGZyYWz7jF26L39YI=,CMV5Yo50ryJIysP2KwLc37xBZxI=
-8,-8,z+FcDgkTzEpGZyYWz7jF26L39YI=,CMV5Yo50ryJIysP2KwLc37xBZxI=
-3,-5,z+FcDgkTzEpGZyYWz7jF26L39YI=,CMV5Yo50ryJIysP2KwLc37xBZxI=
-4,-7,z+FcDgkTzEpGZyYWz7jF26L39YI=,CMV5Yo50ryJIysP2KwLc37xBZxI=
-2,-2,z+FcDgkTzEpGZyYWz7jF26L39YI=,CMV5Yo50ryJIysP2KwLc37xBZxI=
-1,-5,z+FcDgkTzEpGZyYWz7jF26L39YI=,CMV5Yo50ryJIysP2KwLc37xBZxI=
-5,-7,z+FcDgkTzEpGZyYWz7jF26L39YI=,CMV5Yo50ryJIysP2KwLc37xBZxI=
-6,-7,z+FcDgkTzEpGZyYWz7jF26L39YI=,CMV5Yo50ryJIysP2KwLc37xBZxI=
-8,-6,z+FcDgkTzEpGZyYWz7jF26L39YI=,CMV5Yo50ryJIysP2KwLc37xBZxI=
-14,-17,z+FcDgkTzEpGZyYWz7jF26L39YI=,opIJWCd+XGPUugbhoZZvlW3fHto=
-15,-17,z+FcDgkTzEpGZyYWz7jF26L39YI=,opIJWCd+XGPUugbhoZZvlW3fHto=
-5,-22,z+FcDgkTzEpGZyYWz7jF26L39YI=,94q3GR/vmt5uZYH17c+KyK9MzEI=
-16,-17,z+FcDgkTzEpGZyYWz7jF26L39YI=,opIJWCd+XGPUugbhoZZvlW3fHto=
-5,-24,z+FcDgkTzEpGZyYWz7jF26L39YI=,94q3GR/vmt5uZYH17c+KyK9MzEI=
-12,-17,z+FcDgkTzEpGZyYWz7jF26L39YI=,opIJWCd+XGPUugbhoZZvlW3fHto=
-11,-18,z+FcDgkTzEpGZyYWz7jF26L39YI=,opIJWCd+XGPUugbhoZZvlW3fHto=
-6,-22,z+FcDgkTzEpGZyYWz7jF26L39YI=,94q3GR/vmt5uZYH17c+KyK9MzEI=
-10,-18,z+FcDgkTzEpGZyYWz7jF26L39YI=,opIJWCd+XGPUugbhoZZvlW3fHto=
-7,-22,z+FcDgkTzEpGZyYWz7jF26L39YI=,94q3GR/vmt5uZYH17c+KyK9MzEI=
-13,-17,z+FcDgkTzEpGZyYWz7jF26L39YI=,opIJWCd+XGPUugbhoZZvlW3fHto=
-12,-18,z+FcDgkTzEpGZyYWz7jF26L39YI=,opIJWCd+XGPUugbhoZZvlW3fHto=
-3,-18,z+FcDgkTzEpGZyYWz7jF26L39YI=,94q3GR/vmt5uZYH17c+KyK9MzEI=
-4,-17,z+FcDgkTzEpGZyYWz7jF26L39YI=,94q3GR/vmt5uZYH17c+KyK9MzEI=
-3,-17,z+FcDgkTzEpGZyYWz7jF26L39YI=,94q3GR/vmt5uZYH17c+KyK9MzEI=
-2,-17,z+FcDgkTzEpGZyYWz7jF26L39YI=,94q3GR/vmt5uZYH17c+KyK9MzEI=
-8,-19,z+FcDgkTzEpGZyYWz7jF26L39YI=,94q3GR/vmt5uZYH17c+KyK9MzEI=
-7,-24,z+FcDgkTzEpGZyYWz7jF26L39YI=,94q3GR/vmt5uZYH17c+KyK9MzEI=
-4,-22,z+FcDgkTzEpGZyYWz7jF26L39YI=,94q3GR/vmt5uZYH17c+KyK9MzEI=
-2,-18,z+FcDgkTzEpGZyYWz7jF26L39YI=,94q3GR/vmt5uZYH17c+KyK9MzEI=
-3,-22,z+FcDgkTzEpGZyYWz7jF26L39YI=,94q3GR/vmt5uZYH17c+KyK9MzEI=
-4,-24,z+FcDgkTzEpGZyYWz7jF26L39YI=,94q3GR/vmt5uZYH17c+KyK9MzEI=
-2,-22,z+FcDgkTzEpGZyYWz7jF26L39YI=,94q3GR/vmt5uZYH17c+KyK9MzEI=
-1,-17,z+FcDgkTzEpGZyYWz7jF26L39YI=,94q3GR/vmt5uZYH17c+KyK9MzEI=
-1,-22,z+FcDgkTzEpGZyYWz7jF26L39YI=,94q3GR/vmt5uZYH17c+KyK9MzEI=
-11,-17,z+FcDgkTzEpGZyYWz7jF26L39YI=,opIJWCd+XGPUugbhoZZvlW3fHto=
-6,-20,z+FcDgkTzEpGZyYWz7jF26L39YI=,94q3GR/vmt5uZYH17c+KyK9MzEI=
-8,-21,z+FcDgkTzEpGZyYWz7jF26L39YI=,94q3GR/vmt5uZYH17c+KyK9MzEI=
-5,-18,z+FcDgkTzEpGZyYWz7jF26L39YI=,94q3GR/vmt5uZYH17c+KyK9MzEI=
-4,-18,z+FcDgkTzEpGZyYWz7jF26L39YI=,94q3GR/vmt5uZYH17c+KyK9MzEI=
-1,-19,z+FcDgkTzEpGZyYWz7jF26L39YI=,94q3GR/vmt5uZYH17c+KyK9MzEI=
-10,-19,z+FcDgkTzEpGZyYWz7jF26L39YI=,opIJWCd+XGPUugbhoZZvlW3fHto=
-1,-20,z+FcDgkTzEpGZyYWz7jF26L39YI=,94q3GR/vmt5uZYH17c+KyK9MzEI=
-9,-18,z+FcDgkTzEpGZyYWz7jF26L39YI=,opIJWCd+XGPUugbhoZZvlW3fHto=
-11,-19,z+FcDgkTzEpGZyYWz7jF26L39YI=,opIJWCd+XGPUugbhoZZvlW3fHto=
-13,-18,z+FcDgkTzEpGZyYWz7jF26L39YI=,opIJWCd+XGPUugbhoZZvlW3fHto=
-15,-18,z+FcDgkTzEpGZyYWz7jF26L39YI=,opIJWCd+XGPUugbhoZZvlW3fHto=
-5,-23,z+FcDgkTzEpGZyYWz7jF26L39YI=,94q3GR/vmt5uZYH17c+KyK9MzEI=
-7,-18,z+FcDgkTzEpGZyYWz7jF26L39YI=,94q3GR/vmt5uZYH17c+KyK9MzEI=
-12,-19,z+FcDgkTzEpGZyYWz7jF26L39YI=,opIJWCd+XGPUugbhoZZvlW3fHto=
-9,-17,z+FcDgkTzEpGZyYWz7jF26L39YI=,opIJWCd+XGPUugbhoZZvlW3fHto=
-14,-18,z+FcDgkTzEpGZyYWz7jF26L39YI=,opIJWCd+XGPUugbhoZZvlW3fHto=
-7,-21,z+FcDgkTzEpGZyYWz7jF26L39YI=,94q3GR/vmt5uZYH17c+KyK9MzEI=
-6,-21,z+FcDgkTzEpGZyYWz7jF26L39YI=,94q3GR/vmt5uZYH17c+KyK9MzEI=
-8,-18,z+FcDgkTzEpGZyYWz7jF26L39YI=,94q3GR/vmt5uZYH17c+KyK9MzEI=
-2,-19,z+FcDgkTzEpGZyYWz7jF26L39YI=,94q3GR/vmt5uZYH17c+KyK9MzEI=
-9,-19,z+FcDgkTzEpGZyYWz7jF26L39YI=,opIJWCd+XGPUugbhoZZvlW3fHto=
-8,-22,z+FcDgkTzEpGZyYWz7jF26L39YI=,94q3GR/vmt5uZYH17c+KyK9MzEI=
-13,-19,z+FcDgkTzEpGZyYWz7jF26L39YI=,opIJWCd+XGPUugbhoZZvlW3fHto=
-1,-23,z+FcDgkTzEpGZyYWz7jF26L39YI=,94q3GR/vmt5uZYH17c+KyK9MzEI=
-10,-17,z+FcDgkTzEpGZyYWz7jF26L39YI=,opIJWCd+XGPUugbhoZZvlW3fHto=
-16,-24,z+FcDgkTzEpGZyYWz7jF26L39YI=,opIJWCd+XGPUugbhoZZvlW3fHto=
-15,-24,z+FcDgkTzEpGZyYWz7jF26L39YI=,opIJWCd+XGPUugbhoZZvlW3fHto=
-14,-24,z+FcDgkTzEpGZyYWz7jF26L39YI=,opIJWCd+XGPUugbhoZZvlW3fHto=
-13,-24,z+FcDgkTzEpGZyYWz7jF26L39YI=,opIJWCd+XGPUugbhoZZvlW3fHto=
-12,-24,z+FcDgkTzEpGZyYWz7jF26L39YI=,opIJWCd+XGPUugbhoZZvlW3fHto=
-11,-24,z+FcDgkTzEpGZyYWz7jF26L39YI=,opIJWCd+XGPUugbhoZZvlW3fHto=
-10,-24,z+FcDgkTzEpGZyYWz7jF26L39YI=,opIJWCd+XGPUugbhoZZvlW3fHto=
-16,-23,z+FcDgkTzEpGZyYWz7jF26L39YI=,opIJWCd+XGPUugbhoZZvlW3fHto=
-15,-23,z+FcDgkTzEpGZyYWz7jF26L39YI=,opIJWCd+XGPUugbhoZZvlW3fHto=
-13,-23,z+FcDgkTzEpGZyYWz7jF26L39YI=,opIJWCd+XGPUugbhoZZvlW3fHto=
-12,-23,z+FcDgkTzEpGZyYWz7jF26L39YI=,opIJWCd+XGPUugbhoZZvlW3fHto=
-14,-23,z+FcDgkTzEpGZyYWz7jF26L39YI=,opIJWCd+XGPUugbhoZZvlW3fHto=
-11,-23,z+FcDgkTzEpGZyYWz7jF26L39YI=,opIJWCd+XGPUugbhoZZvlW3fHto=
-10,-23,z+FcDgkTzEpGZyYWz7jF26L39YI=,opIJWCd+XGPUugbhoZZvlW3fHto=
-16,-22,z+FcDgkTzEpGZyYWz7jF26L39YI=,opIJWCd+XGPUugbhoZZvlW3fHto=
-15,-22,z+FcDgkTzEpGZyYWz7jF26L39YI=,opIJWCd+XGPUugbhoZZvlW3fHto=
-14,-22,z+FcDgkTzEpGZyYWz7jF26L39YI=,opIJWCd+XGPUugbhoZZvlW3fHto=
-13,-22,z+FcDgkTzEpGZyYWz7jF26L39YI=,opIJWCd+XGPUugbhoZZvlW3fHto=
-12,-22,z+FcDgkTzEpGZyYWz7jF26L39YI=,opIJWCd+XGPUugbhoZZvlW3fHto=
-11,-22,z+FcDgkTzEpGZyYWz7jF26L39YI=,opIJWCd+XGPUugbhoZZvlW3fHto=
-10,-22,z+FcDgkTzEpGZyYWz7jF26L39YI=,opIJWCd+XGPUugbhoZZvlW3fHto=
-6,-18,z+FcDgkTzEpGZyYWz7jF26L39YI=,94q3GR/vmt5uZYH17c+KyK9MzEI=
-16,-21,z+FcDgkTzEpGZyYWz7jF26L39YI=,opIJWCd+XGPUugbhoZZvlW3fHto=
-15,-21,z+FcDgkTzEpGZyYWz7jF26L39YI=,opIJWCd+XGPUugbhoZZvlW3fHto=
-14,-21,z+FcDgkTzEpGZyYWz7jF26L39YI=,opIJWCd+XGPUugbhoZZvlW3fHto=
-13,-21,z+FcDgkTzEpGZyYWz7jF26L39YI=,opIJWCd+XGPUugbhoZZvlW3fHto=
-12,-21,z+FcDgkTzEpGZyYWz7jF26L39YI=,opIJWCd+XGPUugbhoZZvlW3fHto=
-11,-21,z+FcDgkTzEpGZyYWz7jF26L39YI=,opIJWCd+XGPUugbhoZZvlW3fHto=
-16,-20,z+FcDgkTzEpGZyYWz7jF26L39YI=,opIJWCd+XGPUugbhoZZvlW3fHto=
-10,-21,z+FcDgkTzEpGZyYWz7jF26L39YI=,opIJWCd+XGPUugbhoZZvlW3fHto=
-15,-20,z+FcDgkTzEpGZyYWz7jF26L39YI=,opIJWCd+XGPUugbhoZZvlW3fHto=
-14,-20,z+FcDgkTzEpGZyYWz7jF26L39YI=,opIJWCd+XGPUugbhoZZvlW3fHto=
-13,-20,z+FcDgkTzEpGZyYWz7jF26L39YI=,opIJWCd+XGPUugbhoZZvlW3fHto=
-14,-19,z+FcDgkTzEpGZyYWz7jF26L39YI=,opIJWCd+XGPUugbhoZZvlW3fHto=
-12,-20,z+FcDgkTzEpGZyYWz7jF26L39YI=,opIJWCd+XGPUugbhoZZvlW3fHto=
-11,-20,z+FcDgkTzEpGZyYWz7jF26L39YI=,opIJWCd+XGPUugbhoZZvlW3fHto=
-10,-20,z+FcDgkTzEpGZyYWz7jF26L39YI=,opIJWCd+XGPUugbhoZZvlW3fHto=
-2,-23,z+FcDgkTzEpGZyYWz7jF26L39YI=,94q3GR/vmt5uZYH17c+KyK9MzEI=
-3,-23,z+FcDgkTzEpGZyYWz7jF26L39YI=,94q3GR/vmt5uZYH17c+KyK9MzEI=
-4,-23,z+FcDgkTzEpGZyYWz7jF26L39YI=,94q3GR/vmt5uZYH17c+KyK9MzEI=
-8,-24,z+FcDgkTzEpGZyYWz7jF26L39YI=,94q3GR/vmt5uZYH17c+KyK9MzEI=
-2,-20,z+FcDgkTzEpGZyYWz7jF26L39YI=,94q3GR/vmt5uZYH17c+KyK9MzEI=
-9,-20,z+FcDgkTzEpGZyYWz7jF26L39YI=,opIJWCd+XGPUugbhoZZvlW3fHto=
-16,-18,z+FcDgkTzEpGZyYWz7jF26L39YI=,opIJWCd+XGPUugbhoZZvlW3fHto=
-6,-23,z+FcDgkTzEpGZyYWz7jF26L39YI=,94q3GR/vmt5uZYH17c+KyK9MzEI=
-3,-20,z+FcDgkTzEpGZyYWz7jF26L39YI=,94q3GR/vmt5uZYH17c+KyK9MzEI=
-7,-23,z+FcDgkTzEpGZyYWz7jF26L39YI=,94q3GR/vmt5uZYH17c+KyK9MzEI=
-15,-19,z+FcDgkTzEpGZyYWz7jF26L39YI=,opIJWCd+XGPUugbhoZZvlW3fHto=
-7,-17,z+FcDgkTzEpGZyYWz7jF26L39YI=,94q3GR/vmt5uZYH17c+KyK9MzEI=
-8,-23,z+FcDgkTzEpGZyYWz7jF26L39YI=,94q3GR/vmt5uZYH17c+KyK9MzEI=
-9,-21,z+FcDgkTzEpGZyYWz7jF26L39YI=,opIJWCd+XGPUugbhoZZvlW3fHto=
-3,-19,z+FcDgkTzEpGZyYWz7jF26L39YI=,94q3GR/vmt5uZYH17c+KyK9MzEI=
-1,-24,z+FcDgkTzEpGZyYWz7jF26L39YI=,94q3GR/vmt5uZYH17c+KyK9MzEI=
-9,-22,z+FcDgkTzEpGZyYWz7jF26L39YI=,opIJWCd+XGPUugbhoZZvlW3fHto=
-8,-17,z+FcDgkTzEpGZyYWz7jF26L39YI=,94q3GR/vmt5uZYH17c+KyK9MzEI=
-9,-23,z+FcDgkTzEpGZyYWz7jF26L39YI=,opIJWCd+XGPUugbhoZZvlW3fHto=
-16,-19,z+FcDgkTzEpGZyYWz7jF26L39YI=,opIJWCd+XGPUugbhoZZvlW3fHto=
-2,-24,z+FcDgkTzEpGZyYWz7jF26L39YI=,94q3GR/vmt5uZYH17c+KyK9MzEI=
-7,-19,z+FcDgkTzEpGZyYWz7jF26L39YI=,94q3GR/vmt5uZYH17c+KyK9MzEI=
-5,-17,z+FcDgkTzEpGZyYWz7jF26L39YI=,94q3GR/vmt5uZYH17c+KyK9MzEI=
-9,-24,z+FcDgkTzEpGZyYWz7jF26L39YI=,opIJWCd+XGPUugbhoZZvlW3fHto=
-6,-24,z+FcDgkTzEpGZyYWz7jF26L39YI=,94q3GR/vmt5uZYH17c+KyK9MzEI=
-7,-20,z+FcDgkTzEpGZyYWz7jF26L39YI=,94q3GR/vmt5uZYH17c+KyK9MzEI=
-8,-20,z+FcDgkTzEpGZyYWz7jF26L39YI=,94q3GR/vmt5uZYH17c+KyK9MzEI=
-3,-24,z+FcDgkTzEpGZyYWz7jF26L39YI=,94q3GR/vmt5uZYH17c+KyK9MzEI=
-1,-21,z+FcDgkTzEpGZyYWz7jF26L39YI=,94q3GR/vmt5uZYH17c+KyK9MzEI=
-1,-18,z+FcDgkTzEpGZyYWz7jF26L39YI=,94q3GR/vmt5uZYH17c+KyK9MzEI=
-2,-21,z+FcDgkTzEpGZyYWz7jF26L39YI=,94q3GR/vmt5uZYH17c+KyK9MzEI=
-3,-21,z+FcDgkTzEpGZyYWz7jF26L39YI=,94q3GR/vmt5uZYH17c+KyK9MzEI=
-4,-21,z+FcDgkTzEpGZyYWz7jF26L39YI=,94q3GR/vmt5uZYH17c+KyK9MzEI=
-5,-20,z+FcDgkTzEpGZyYWz7jF26L39YI=,94q3GR/vmt5uZYH17c+KyK9MzEI=
-4,-20,z+FcDgkTzEpGZyYWz7jF26L39YI=,94q3GR/vmt5uZYH17c+KyK9MzEI=
-5,-19,z+FcDgkTzEpGZyYWz7jF26L39YI=,94q3GR/vmt5uZYH17c+KyK9MzEI=
-5,-21,z+FcDgkTzEpGZyYWz7jF26L39YI=,94q3GR/vmt5uZYH17c+KyK9MzEI=
-6,-17,z+FcDgkTzEpGZyYWz7jF26L39YI=,94q3GR/vmt5uZYH17c+KyK9MzEI=
-4,-19,z+FcDgkTzEpGZyYWz7jF26L39YI=,94q3GR/vmt5uZYH17c+KyK9MzEI=
-6,-19,z+FcDgkTzEpGZyYWz7jF26L39YI=,94q3GR/vmt5uZYH17c+KyK9MzEI=
-7,-31,z+FcDgkTzEpGZyYWz7jF26L39YI=,WWMj+zRlmTAWDfDcHCLsYIdTy1k=
-2,-26,z+FcDgkTzEpGZyYWz7jF26L39YI=,WWMj+zRlmTAWDfDcHCLsYIdTy1k=
-4,-26,z+FcDgkTzEpGZyYWz7jF26L39YI=,WWMj+zRlmTAWDfDcHCLsYIdTy1k=
-3,-26,z+FcDgkTzEpGZyYWz7jF26L39YI=,WWMj+zRlmTAWDfDcHCLsYIdTy1k=
-5,-26,z+FcDgkTzEpGZyYWz7jF26L39YI=,WWMj+zRlmTAWDfDcHCLsYIdTy1k=
-6,-26,z+FcDgkTzEpGZyYWz7jF26L39YI=,WWMj+zRlmTAWDfDcHCLsYIdTy1k=
-2,-27,z+FcDgkTzEpGZyYWz7jF26L39YI=,WWMj+zRlmTAWDfDcHCLsYIdTy1k=
-7,-26,z+FcDgkTzEpGZyYWz7jF26L39YI=,WWMj+zRlmTAWDfDcHCLsYIdTy1k=
-3,-27,z+FcDgkTzEpGZyYWz7jF26L39YI=,WWMj+zRlmTAWDfDcHCLsYIdTy1k=
-4,-27,z+FcDgkTzEpGZyYWz7jF26L39YI=,WWMj+zRlmTAWDfDcHCLsYIdTy1k=
-5,-27,z+FcDgkTzEpGZyYWz7jF26L39YI=,WWMj+zRlmTAWDfDcHCLsYIdTy1k=
-6,-27,z+FcDgkTzEpGZyYWz7jF26L39YI=,WWMj+zRlmTAWDfDcHCLsYIdTy1k=
-7,-27,z+FcDgkTzEpGZyYWz7jF26L39YI=,WWMj+zRlmTAWDfDcHCLsYIdTy1k=
-2,-28,z+FcDgkTzEpGZyYWz7jF26L39YI=,WWMj+zRlmTAWDfDcHCLsYIdTy1k=
-4,-28,z+FcDgkTzEpGZyYWz7jF26L39YI=,WWMj+zRlmTAWDfDcHCLsYIdTy1k=
-5,-28,z+FcDgkTzEpGZyYWz7jF26L39YI=,WWMj+zRlmTAWDfDcHCLsYIdTy1k=
-6,-28,z+FcDgkTzEpGZyYWz7jF26L39YI=,WWMj+zRlmTAWDfDcHCLsYIdTy1k=
-3,-28,z+FcDgkTzEpGZyYWz7jF26L39YI=,WWMj+zRlmTAWDfDcHCLsYIdTy1k=
-7,-28,z+FcDgkTzEpGZyYWz7jF26L39YI=,WWMj+zRlmTAWDfDcHCLsYIdTy1k=
-2,-29,z+FcDgkTzEpGZyYWz7jF26L39YI=,WWMj+zRlmTAWDfDcHCLsYIdTy1k=
-3,-29,z+FcDgkTzEpGZyYWz7jF26L39YI=,WWMj+zRlmTAWDfDcHCLsYIdTy1k=
-4,-29,z+FcDgkTzEpGZyYWz7jF26L39YI=,WWMj+zRlmTAWDfDcHCLsYIdTy1k=
-5,-29,z+FcDgkTzEpGZyYWz7jF26L39YI=,WWMj+zRlmTAWDfDcHCLsYIdTy1k=
-7,-29,z+FcDgkTzEpGZyYWz7jF26L39YI=,WWMj+zRlmTAWDfDcHCLsYIdTy1k=
-3,-30,z+FcDgkTzEpGZyYWz7jF26L39YI=,WWMj+zRlmTAWDfDcHCLsYIdTy1k=
-6,-29,z+FcDgkTzEpGZyYWz7jF26L39YI=,WWMj+zRlmTAWDfDcHCLsYIdTy1k=
-4,-30,z+FcDgkTzEpGZyYWz7jF26L39YI=,WWMj+zRlmTAWDfDcHCLsYIdTy1k=
-2,-30,z+FcDgkTzEpGZyYWz7jF26L39YI=,WWMj+zRlmTAWDfDcHCLsYIdTy1k=
-6,-30,z+FcDgkTzEpGZyYWz7jF26L39YI=,WWMj+zRlmTAWDfDcHCLsYIdTy1k=
-5,-30,z+FcDgkTzEpGZyYWz7jF26L39YI=,WWMj+zRlmTAWDfDcHCLsYIdTy1k=
-7,-30,z+FcDgkTzEpGZyYWz7jF26L39YI=,WWMj+zRlmTAWDfDcHCLsYIdTy1k=
-2,-31,z+FcDgkTzEpGZyYWz7jF26L39YI=,WWMj+zRlmTAWDfDcHCLsYIdTy1k=
-3,-31,z+FcDgkTzEpGZyYWz7jF26L39YI=,WWMj+zRlmTAWDfDcHCLsYIdTy1k=
-4,-31,z+FcDgkTzEpGZyYWz7jF26L39YI=,WWMj+zRlmTAWDfDcHCLsYIdTy1k=
-6,-31,z+FcDgkTzEpGZyYWz7jF26L39YI=,WWMj+zRlmTAWDfDcHCLsYIdTy1k=
-12,-27,z+FcDgkTzEpGZyYWz7jF26L39YI=,0CGX3S1WxWX81zmU151gA7KEQE8=
-5,-31,z+FcDgkTzEpGZyYWz7jF26L39YI=,WWMj+zRlmTAWDfDcHCLsYIdTy1k=
-14,-27,z+FcDgkTzEpGZyYWz7jF26L39YI=,0CGX3S1WxWX81zmU151gA7KEQE8=
-13,-27,z+FcDgkTzEpGZyYWz7jF26L39YI=,0CGX3S1WxWX81zmU151gA7KEQE8=
-8,-27,z+FcDgkTzEpGZyYWz7jF26L39YI=,WWMj+zRlmTAWDfDcHCLsYIdTy1k=
-8,-26,z+FcDgkTzEpGZyYWz7jF26L39YI=,WWMj+zRlmTAWDfDcHCLsYIdTy1k=
-15,-27,z+FcDgkTzEpGZyYWz7jF26L39YI=,0CGX3S1WxWX81zmU151gA7KEQE8=
-9,-28,z+FcDgkTzEpGZyYWz7jF26L39YI=,0CGX3S1WxWX81zmU151gA7KEQE8=
-10,-28,z+FcDgkTzEpGZyYWz7jF26L39YI=,0CGX3S1WxWX81zmU151gA7KEQE8=
-8,-28,z+FcDgkTzEpGZyYWz7jF26L39YI=,WWMj+zRlmTAWDfDcHCLsYIdTy1k=
-12,-28,z+FcDgkTzEpGZyYWz7jF26L39YI=,0CGX3S1WxWX81zmU151gA7KEQE8=
-11,-28,z+FcDgkTzEpGZyYWz7jF26L39YI=,0CGX3S1WxWX81zmU151gA7KEQE8=
-8,-29,z+FcDgkTzEpGZyYWz7jF26L39YI=,WWMj+zRlmTAWDfDcHCLsYIdTy1k=
-13,-28,z+FcDgkTzEpGZyYWz7jF26L39YI=,0CGX3S1WxWX81zmU151gA7KEQE8=
-11,-27,z+FcDgkTzEpGZyYWz7jF26L39YI=,0CGX3S1WxWX81zmU151gA7KEQE8=
-14,-28,z+FcDgkTzEpGZyYWz7jF26L39YI=,0CGX3S1WxWX81zmU151gA7KEQE8=
-15,-28,z+FcDgkTzEpGZyYWz7jF26L39YI=,0CGX3S1WxWX81zmU151gA7KEQE8=
-9,-29,z+FcDgkTzEpGZyYWz7jF26L39YI=,0CGX3S1WxWX81zmU151gA7KEQE8=
-10,-29,z+FcDgkTzEpGZyYWz7jF26L39YI=,0CGX3S1WxWX81zmU151gA7KEQE8=
-11,-29,z+FcDgkTzEpGZyYWz7jF26L39YI=,0CGX3S1WxWX81zmU151gA7KEQE8=
-12,-29,z+FcDgkTzEpGZyYWz7jF26L39YI=,0CGX3S1WxWX81zmU151gA7KEQE8=
-13,-29,z+FcDgkTzEpGZyYWz7jF26L39YI=,0CGX3S1WxWX81zmU151gA7KEQE8=
-14,-29,z+FcDgkTzEpGZyYWz7jF26L39YI=,0CGX3S1WxWX81zmU151gA7KEQE8=
-15,-29,z+FcDgkTzEpGZyYWz7jF26L39YI=,0CGX3S1WxWX81zmU151gA7KEQE8=
-9,-30,z+FcDgkTzEpGZyYWz7jF26L39YI=,0CGX3S1WxWX81zmU151gA7KEQE8=
-8,-30,z+FcDgkTzEpGZyYWz7jF26L39YI=,WWMj+zRlmTAWDfDcHCLsYIdTy1k=
-10,-27,z+FcDgkTzEpGZyYWz7jF26L39YI=,0CGX3S1WxWX81zmU151gA7KEQE8=
-10,-30,z+FcDgkTzEpGZyYWz7jF26L39YI=,0CGX3S1WxWX81zmU151gA7KEQE8=
-12,-30,z+FcDgkTzEpGZyYWz7jF26L39YI=,0CGX3S1WxWX81zmU151gA7KEQE8=
-13,-30,z+FcDgkTzEpGZyYWz7jF26L39YI=,0CGX3S1WxWX81zmU151gA7KEQE8=
-11,-30,z+FcDgkTzEpGZyYWz7jF26L39YI=,0CGX3S1WxWX81zmU151gA7KEQE8=
-15,-30,z+FcDgkTzEpGZyYWz7jF26L39YI=,0CGX3S1WxWX81zmU151gA7KEQE8=
-9,-31,z+FcDgkTzEpGZyYWz7jF26L39YI=,0CGX3S1WxWX81zmU151gA7KEQE8=
-10,-31,z+FcDgkTzEpGZyYWz7jF26L39YI=,0CGX3S1WxWX81zmU151gA7KEQE8=
-14,-30,z+FcDgkTzEpGZyYWz7jF26L39YI=,0CGX3S1WxWX81zmU151gA7KEQE8=
-4,-25,z+FcDgkTzEpGZyYWz7jF26L39YI=,WWMj+zRlmTAWDfDcHCLsYIdTy1k=
-9,-27,z+FcDgkTzEpGZyYWz7jF26L39YI=,0CGX3S1WxWX81zmU151gA7KEQE8=
-11,-31,z+FcDgkTzEpGZyYWz7jF26L39YI=,0CGX3S1WxWX81zmU151gA7KEQE8=
-3,-25,z+FcDgkTzEpGZyYWz7jF26L39YI=,WWMj+zRlmTAWDfDcHCLsYIdTy1k=
-15,-26,z+FcDgkTzEpGZyYWz7jF26L39YI=,0CGX3S1WxWX81zmU151gA7KEQE8=
-2,-25,z+FcDgkTzEpGZyYWz7jF26L39YI=,WWMj+zRlmTAWDfDcHCLsYIdTy1k=
-12,-31,z+FcDgkTzEpGZyYWz7jF26L39YI=,0CGX3S1WxWX81zmU151gA7KEQE8=
-5,-25,z+FcDgkTzEpGZyYWz7jF26L39YI=,WWMj+zRlmTAWDfDcHCLsYIdTy1k=
-6,-25,z+FcDgkTzEpGZyYWz7jF26L39YI=,WWMj+zRlmTAWDfDcHCLsYIdTy1k=
-14,-26,z+FcDgkTzEpGZyYWz7jF26L39YI=,0CGX3S1WxWX81zmU151gA7KEQE8=
-13,-26,z+FcDgkTzEpGZyYWz7jF26L39YI=,0CGX3S1WxWX81zmU151gA7KEQE8=
-13,-31,z+FcDgkTzEpGZyYWz7jF26L39YI=,0CGX3S1WxWX81zmU151gA7KEQE8=
-8,-25,z+FcDgkTzEpGZyYWz7jF26L39YI=,WWMj+zRlmTAWDfDcHCLsYIdTy1k=
-12,-26,z+FcDgkTzEpGZyYWz7jF26L39YI=,0CGX3S1WxWX81zmU151gA7KEQE8=
-11,-25,z+FcDgkTzEpGZyYWz7jF26L39YI=,0CGX3S1WxWX81zmU151gA7KEQE8=
-10,-25,z+FcDgkTzEpGZyYWz7jF26L39YI=,0CGX3S1WxWX81zmU151gA7KEQE8=
-9,-25,z+FcDgkTzEpGZyYWz7jF26L39YI=,0CGX3S1WxWX81zmU151gA7KEQE8=
-12,-25,z+FcDgkTzEpGZyYWz7jF26L39YI=,0CGX3S1WxWX81zmU151gA7KEQE8=
-13,-25,z+FcDgkTzEpGZyYWz7jF26L39YI=,0CGX3S1WxWX81zmU151gA7KEQE8=
-14,-25,z+FcDgkTzEpGZyYWz7jF26L39YI=,0CGX3S1WxWX81zmU151gA7KEQE8=
-11,-26,z+FcDgkTzEpGZyYWz7jF26L39YI=,0CGX3S1WxWX81zmU151gA7KEQE8=
-14,-31,z+FcDgkTzEpGZyYWz7jF26L39YI=,0CGX3S1WxWX81zmU151gA7KEQE8=
-15,-25,z+FcDgkTzEpGZyYWz7jF26L39YI=,0CGX3S1WxWX81zmU151gA7KEQE8=
-15,-31,z+FcDgkTzEpGZyYWz7jF26L39YI=,0CGX3S1WxWX81zmU151gA7KEQE8=
-8,-31,z+FcDgkTzEpGZyYWz7jF26L39YI=,WWMj+zRlmTAWDfDcHCLsYIdTy1k=
-9,-26,z+FcDgkTzEpGZyYWz7jF26L39YI=,0CGX3S1WxWX81zmU151gA7KEQE8=
-7,-25,z+FcDgkTzEpGZyYWz7jF26L39YI=,WWMj+zRlmTAWDfDcHCLsYIdTy1k=
-10,-26,z+FcDgkTzEpGZyYWz7jF26L39YI=,0CGX3S1WxWX81zmU151gA7KEQE8=
-1,-26,z+FcDgkTzEpGZyYWz7jF26L39YI=,WWMj+zRlmTAWDfDcHCLsYIdTy1k=
-1,-27,z+FcDgkTzEpGZyYWz7jF26L39YI=,WWMj+zRlmTAWDfDcHCLsYIdTy1k=
-1,-25,z+FcDgkTzEpGZyYWz7jF26L39YI=,WWMj+zRlmTAWDfDcHCLsYIdTy1k=
-1,-30,z+FcDgkTzEpGZyYWz7jF26L39YI=,WWMj+zRlmTAWDfDcHCLsYIdTy1k=
-1,-29,z+FcDgkTzEpGZyYWz7jF26L39YI=,WWMj+zRlmTAWDfDcHCLsYIdTy1k=
-1,-28,z+FcDgkTzEpGZyYWz7jF26L39YI=,WWMj+zRlmTAWDfDcHCLsYIdTy1k=
-1,-31,z+FcDgkTzEpGZyYWz7jF26L39YI=,WWMj+zRlmTAWDfDcHCLsYIdTy1k=
-16,-26,z+FcDgkTzEpGZyYWz7jF26L39YI=,0CGX3S1WxWX81zmU151gA7KEQE8=
-16,-28,z+FcDgkTzEpGZyYWz7jF26L39YI=,0CGX3S1WxWX81zmU151gA7KEQE8=
-16,-25,z+FcDgkTzEpGZyYWz7jF26L39YI=,0CGX3S1WxWX81zmU151gA7KEQE8=
-16,-29,z+FcDgkTzEpGZyYWz7jF26L39YI=,0CGX3S1WxWX81zmU151gA7KEQE8=
-16,-27,z+FcDgkTzEpGZyYWz7jF26L39YI=,0CGX3S1WxWX81zmU151gA7KEQE8=
-16,-30,z+FcDgkTzEpGZyYWz7jF26L39YI=,0CGX3S1WxWX81zmU151gA7KEQE8=
-16,-31,z+FcDgkTzEpGZyYWz7jF26L39YI=,0CGX3S1WxWX81zmU151gA7KEQE8=
-15,-32,z+FcDgkTzEpGZyYWz7jF26L39YI=,0CGX3S1WxWX81zmU151gA7KEQE8=
-11,-32,z+FcDgkTzEpGZyYWz7jF26L39YI=,0CGX3S1WxWX81zmU151gA7KEQE8=
-14,-32,z+FcDgkTzEpGZyYWz7jF26L39YI=,0CGX3S1WxWX81zmU151gA7KEQE8=
-10,-32,z+FcDgkTzEpGZyYWz7jF26L39YI=,0CGX3S1WxWX81zmU151gA7KEQE8=
-13,-32,z+FcDgkTzEpGZyYWz7jF26L39YI=,0CGX3S1WxWX81zmU151gA7KEQE8=
-12,-32,z+FcDgkTzEpGZyYWz7jF26L39YI=,0CGX3S1WxWX81zmU151gA7KEQE8=
-4,-32,z+FcDgkTzEpGZyYWz7jF26L39YI=,WWMj+zRlmTAWDfDcHCLsYIdTy1k=
-6,-32,z+FcDgkTzEpGZyYWz7jF26L39YI=,WWMj+zRlmTAWDfDcHCLsYIdTy1k=
-16,-32,z+FcDgkTzEpGZyYWz7jF26L39YI=,0CGX3S1WxWX81zmU151gA7KEQE8=
-1,-32,z+FcDgkTzEpGZyYWz7jF26L39YI=,WWMj+zRlmTAWDfDcHCLsYIdTy1k=
-9,-32,z+FcDgkTzEpGZyYWz7jF26L39YI=,0CGX3S1WxWX81zmU151gA7KEQE8=
-2,-32,z+FcDgkTzEpGZyYWz7jF26L39YI=,WWMj+zRlmTAWDfDcHCLsYIdTy1k=
-5,-32,z+FcDgkTzEpGZyYWz7jF26L39YI=,WWMj+zRlmTAWDfDcHCLsYIdTy1k=
-3,-32,z+FcDgkTzEpGZyYWz7jF26L39YI=,WWMj+zRlmTAWDfDcHCLsYIdTy1k=
-7,-32,z+FcDgkTzEpGZyYWz7jF26L39YI=,WWMj+zRlmTAWDfDcHCLsYIdTy1k=
-8,-32,z+FcDgkTzEpGZyYWz7jF26L39YI=,WWMj+zRlmTAWDfDcHCLsYIdTy1k=
